Mary,Mamie23,f
Patricia,Tricia,f
Elizabeth,Libby44,f
Jennifer,Jennie,f
Linda,Lindy,f
Barbara,Barby4,f
Margaret,Maggie,f
Susan,Hannah,f
Dorothy,Dortha,f
Jessica,Jessie95,f
Sarah,Sally,f
Betty,CutieBetty,f
Nancy,Ann,f
Karen,Karen58,f
Lisa,Lizzie,f
Helen,Lena46,f
Sandra,Sandy,f
Ashley,Ashley30,f
Donna,Donna99,f
Kimberly,Kim,f
Carol,Lynn,f
Michelle,Mickey,f
Emily,Emmy,f
Amanda,Mandy31,f
Laura,Laura32,f
Melissa,Lisa75,f
Deborah,Deb,f
Stephanie,Stephen,f
Rebecca,Beck71,f
Ruth,Ruth16,f
Anna,Anne,f
Sharon,Sha,f
Kathleen,Kathy,f
Cynthia,Cintha,f
Shirley,Sherry31,f
Amy,Amy63,f
Angela,UltraAngelica,f
Virginia,Jane,f
Catherine,Kathy,f
Brenda,Brandy,f
Katherine,Kathy,f
Pamela,Pam,f
Nicole,Nole37,f
Christine,Kris,f
Janet,Jan38,f
Samantha,Sammy,f
Debra,Deb40,f
Carolyn,Lynn,f
Rachel,Shelly14,f
Frances,Sis,f
Heather,Hetty,f
Maria,Maria44,f
Diane,Dicey,f
Joyce,Joy,f
Julie,Julia2,f
Evelyn,Evelina13,f
Emma,Emmy,f
Martha,Marty,f
Joan,Jo13,f
Alice,SoberLisa,f
Kelly,Kelly27,f
Christina,Kris,f
Marie,Mae24,f
Lauren,Ren24,f
Ann,Nana,f
Doris,Dora,f
Victoria,Torie84,f
Judith,Judie49,f
Jean,Jane,f
Cheryl,FireSheryl,f
Megan,Meg,f
Kathryn,Kathy,f
Andrea,Drea30,f
Jacqueline,Jackie85,f
Rose,LightRosie,f
Gloria,Glory,f
Teresa,Terry,f
Sara,Sara46,f
Julia,Julie,f
Janice,Jan56,f
Mildred,Milly,f
Grace,Grace20,f
Hannah,Nan96,f
Theresa,UltraTessie,f
Judy,Judith24,f
Beverly,Bev,f
Denise,StupidDennis,f
Marilyn,Mary,f
Amber,Amber43,f
Danielle,Ellie39,f
Brittany,FireBritt,f
Jane,LightJanie,f
Olivia,Nollie22,f
Diana,Dicey36,f
Lillian,Lil48,f
Lori,Lori14,f
Madison,Mattie98,f
Tiffany,Tiff,f
Kathy,UltimateKathy,f
Tammy,Tammy58,f
Kayla,Kay,f
Crystal,Chris11,f
Alexis,Lexi4,f
Natalie,Natty,f
Phyllis,Phyllis98,f
Lois,Lou,f
Bonnie,Bonnie72,f
Erin,Erin86,f
Abigail,Nabby,f
Irene,Rena82,f
Anne,Annie,f
Taylor,FireTaylor,f
Ruby,Ruby76,f
Shannon,Shannon44,f
Alyssa,CleverLissia,f
Peggy,CutiePeggy,f
Tina,Christina62,f
Robin,Robin77,f
Charlotte,Char94,f
Dawn,Dawn53,f
Louise,Eliza,f
Rita,Rita74,f
Wanda,Wanda17,f
Annie,Ann93,f
Allison,Allison90,f
Paula,Polly,f
Norma,Norma91,f
Jamie,James69,f
Connie,Connie65,f
Leslie,Les,f
Sophia,Sophie4,f
Wendy,Wen11,f
Marjorie,Margy41,f
Courtney,Curt0,f
Cindy,Cinderlla,f
Josephine,StupidFina,f
Isabella,Tibbie37,f
Elaine,Lainie49,f
Audrey,Dee68,f
Ellen,Nellie12,f
Tracy,Tracy6,f
Valerie,Val,f
Florence,Flossy,f
Vanessa,Essa76,f
Eleanor,Lanna,f
Monica,Monna,f
Brianna,Brianna7,f
Sheila,DarkCecilia,f
April,April42,f
Jasmine,Jasmine61,f
Melanie,Mellie,f
Sherry,Sherry62,f
Erica,Erica30,f
Edna,Edny86,f
Sylvia,Sylvia19,f
Carrie,Cassie,f
Michele,Michele51,f
Alicia,Lisa,f
Gladys,Gladys71,f
Alexandra,Alex27,f
Suzanne,Suki,f
Ella,Ellen,f
Katie,Katie0,f
Kristen,Chris,f
Edith,Edie,f
Joanne,Jo,f
Veronica,Vonnie,f
Esther,Hester94,f
Anita,Anita50,f
Dolores,Dolores35,f
Rhonda,Rhonda45,f
Jill,Jill43,f
Geraldine,Gerry,f
Lorraine,Lorrie,f
Thelma,Thelma30,f
Morgan,SoberMorgan,f
Eva,Eve86,f
Pauline,Polly,f
Darlene,Lena83,f
Juanita,LightNita,f
Gail,Gail73,f
Holly,Holly97,f
Clara,Clarissa14,f
Ethel,Ethel98,f
Lucille,Cille39,f
Sally,Sally77,f
Leah,Leah65,f
Caroline,Lynn3,f
Hazel,Hazel87,f
Dana,Dana33,f
Debbie,Deb17,f
Vivian,Vi,f
June,Junius68,f
Ava,Ava53,f
Renee,Renee60,f
Brooke,CutieBrooke,f
Eileen,Helen,f
Lynn,Lynn85,f
Kristin,Chris,f
Kim,Kimberly,f
Jo,Jo64,f
Tara,Tara87,f
Chloe,Clo,f
Regina,Reggie0,f
Cathy,Kathy94,f
Roberta,Robbie,f
Bernice,Bernice21,f
Cassandra,Sandy59,f
Marion,Mary,f
Laurie,Laurie47,f
Annette,Anna,f
Loretta,Etta98,f
Madeline,Maggie73,f
Stacy,Stacy58,f
Beatrice,Bea49,f
Colleen,Colleen47,f
Jeanne,Jane54,f
Mia,Mia85,f
Kaitlyn,Kaitlyn19,f
Claire,Claire2,f
Jeanette,Jessie86,f
Beth,Betsy11,f
Sydney,Sid,f
Chelsea,Chelsea21,f
Joann,Jo61,f
Lindsey,Lindsey32,f
Vicki,Vicky,f
Yvonne,Vonna,f
Molly,Molly94,f
Haley,Haley4,f
Rosemary,Rosemary3,f
Gina,Gina16,f
Lucy,Lucinda3,f
Rosa,Rose,f
Stacey,Stacey43,f
Carla,Carla54,f
Terri,Terri8,f
Kelsey,Kelsey12,f
Savannah,Vannie30,f
Maureen,Mary,f
Hailey,Hailey0,f
Jenna,Jenna74,f
Shelby,Shelby62,f
Sue,Susie26,f
Arlene,CutieArly,f
Heidi,Heidi85,f
Destiny,Destiny75,f
Bertha,Bert,f
Naomi,Omi1,f
Constance,Connie,f
Kristina,Kristina93,f
Lydia,Lyddy18,f
Wilma,William,f
Melinda,Linda31,f
Sabrina,Brina97,f
Deanna,Deanna98,f
Charlene,Charlene44,f
Carmen,Carmen0,f
Marian,Marianna,f
Marcia,FireMarcia,f
Elsie,Elsey43,f
Jessie,Jane,f
Joy,Joy4,f
Tamara,Tamara34,f
Paige,Paige31,f
Georgia,George,f
Lindsay,Lindsay22,f
Katelyn,Kay,f
Marlene,SoberMarlene,f
Jordan,Jordan54,f
Amelia,Amy,f
Gabrielle,Ella35,f
Alma,Alma21,f
Ida,Ida44,f
Willie,William53,f
Erika,Erika49,f
Stella,Stella2,f
Gertrude,Gertie,f
Claudia,Claud,f
Tonya,Tonya15,f
Faith,Fay26,f
Patsy,Patty6,f
Marissa,Rissa,f
Agnes,Inez,f
Delores,Lolly25,f
Tanya,Tanya38,f
Vera,Vera8,f
Priscilla,Prissy15,f
Lillie,Lillie55,f
Gwendolyn,Gwen,f
Nina,Nina72,f
Daisy,Margaret,f
Mackenzie,Kenzy,f
Lily,Lily92,f
Caitlin,Caitlin37,f
Yolanda,Yolanda65,f
Carole,MasterCarole,f
Vickie,Victoria71,f
Kaylee,Kaylee50,f
Maxine,Max,f
Glenda,Glenda20,f
Alison,Ali,f
Brandy,Brandy76,f
Miranda,Randy,f
Angelina,Lina65,f
Violet,Violet73,f
Bessie,Bessie1,f
Autumn,Autumn70,f
Alexa,Alexa99,f
Marsha,Marcie,f
Brandi,Brandi96,f
Pearl,Pearl40,f
Margie,Marjorie,f
Isabel,Tibbie,f
Nora,Nonie49,f
Katrina,Katrina65,f
Viola,Ola,f
Nellie,Nellie48,f
Mariah,Mary,f
Billie,Billie61,f
Toni,UltraToni,f
Miriam,Mimi,f
Christy,Crissy,f
Lena,Ellen,f
Kara,Kara84,f
Zoe,StupidZoe,f
Joanna,Hannah67,f
Terry,Terence18,f
Kay,Kay2,f
Gabriella,Ella10,f
Penny,Penny37,f
Meghan,Meghan17,f
Dianne,CutieDianne,f
Bethany,Bethany18,f
Whitney,Whitney84,f
Natasha,Tasha19,f
Kylie,Kylie25,f
Makayla,Makayla49,f
Sierra,Sierra53,f
Jocelyn,Jocelyn11,f
Ana,Ana29,f
Genevieve,Jean,f
Jennie,Jennie83,f
Mattie,Mattie97,f
Addison,CutieAddison,f
Minnie,Wilhelmina13,f
Alexandria,Drina83,f
Kendra,Kenj,f
Briana,Briana65,f
Angel,Angel77,f
Sophie,Sophie32,f
Myrtle,CleverMyrt,f
Sofia,Sofia84,f
Felicia,Fel43,f
Jackie,Jackie8,f
Leona,Leona88,f
Jenny,Jennifer82,f
Bailey,Bailey5,f
Tracey,Tracey3,f
Angelica,FireAngelica,f
Bobbie,Bobbie16,f
Melody,Lodi0,f
Karla,Karla88,f
Becky,Becky43,f
Bridget,Bridie83,f
Misty,Misty17,f
Maggie,SoberMaggie,f
Shelly,Shelly95,f
Candace,Candy,f
Sherri,MasterSherri,f
Kristine,Kris,f
Sadie,MasterSadie,f
Brittney,MasterBrittney,f
Jacquelyn,Jacquelyn50,f
Avery,Avery61,f
Cecilia,Cissy5,f
Cora,Cora68,f
Adriana,Adriana60,f
Breanna,Breanna63,f
Desiree,Desiree62,f
Hope,Hope84,f
Jillian,Jillian69,f
Jodi,Jodi51,f
Dora,Dora47,f
Rachael,Rachael75,f
Aubrey,Bree,f
Geneva,Geneva35,f
Sheryl,MasterSher,f
Ariana,Ariana48,f
Riley,CleverRiley,f
Monique,Monique86,f
Mae,Mae11,f
Velma,DarkVelma,f
Lynda,Lynda83,f
Kristi,Kristi62,f
Maya,Maya75,f
Marguerite,Peggy72,f
Casey,K.c.65,f
Kelli,Kelli93,f
Harriet,Hattie55,f
Brooklyn,Brooklyn33,f
Mabel,Mehitabel33,f
Gabriela,Gabriela33,f
Krystal,Krystal77,f
Krista,Krista12,f
Antoinette,Tony,f
Arianna,Arianna85,f
Shelley,Shelley70,f
Jade,Jade58,f
Isabelle,Tibbie3,f
Summer,Summer44,f
Iris,Iris92,f
Belinda,Belle4,f
Kristy,Chris40,f
Rebekah,Rebekah23,f
Meredith,Meredith49,f
Bianca,Bianca12,f
Madelyn,Madelyn59,f
Lola,StupidLola,f
Eunice,Nicie,f
Sandy,Sandra70,f
Trinity,Trinity19,f
Rosie,Rosie60,f
Candice,Candice89,f
Aaliyah,Aaliyah43,f
Hilda,Hilda26,f
Janie,Janie89,f
Ramona,Mona,f
Irma,Irma38,f
Susie,Suzie50,f
Cheyenne,Cheyenne75,f
Kate,Kay61,f
Nichole,Nichole14,f
Jeannette,Jeannette90,f
Adrienne,Adrian86,f
Sonya,Sonya34,f
Nevaeh,Nevaeh51,f
Guadalupe,Guadalupe13,f
Sonia,Sonia42,f
Marianne,Marianne51,f
Gracie,Gracie62,f
Patty,Patricia96,f
Faye,CleverFaye,f
Rosalie,Rosalie37,f
Ada,Addy80,f
Lynne,Lynne45,f
Carly,Carly89,f
Yvette,Yvette33,f
Robyn,Robyn7,f
Sheri,Sheri78,f
Alberta,Bert,f
Jada,Jada75,f
Gayle,Gayle33,f
Hattie,Hattie98,f
Ariel,Ariel18,f
Verna,Verna17,f
Elena,Helen15,f
Maryann,Maryann77,f
Marcella,Marcella47,f
Opal,UltimateOpal,f
Kari,Kari32,f
Camille,Millie,f
Lee,Lee71,f
Kaitlin,Kaitlin17,f
Blanche,Bea51,f
Tabitha,Tabby,f
Angie,MasterAngie,f
Roxanne,Roxie,f
Fannie,Fannie27,f
Layla,CleverLayla,f
Peyton,LightPeyton,f
Karina,Karina11,f
Jody,Jo99,f
Alisha,Alisha15,f
Lula,Lula33,f
Inez,Agnes,f
Valeria,Valeria80,f
Dianna,Dianna23,f
Abby,Abby13,f
Jan,Jan33,f
Beulah,Beulah61,f
Elise,Elise52,f
Daniela,Daniela29,f
Traci,Traci75,f
Vicky,Victoria,f
Myra,Myra50,f
Lila,Lila56,f
Kirsten,Kirsten4,f
Olga,Olga29,f
Zoey,Zoey23,f
Mallory,UltimateMallory,f
Gianna,Gianna39,f
Natalia,Natalia42,f
Cassidy,Cassidy7,f
Caitlyn,Caitlyn15,f
Kennedy,Kennedy23,f
Aimee,Aimee54,f
Celeste,Lessie76,f
Kellie,Kellie43,f
Mikayla,Mikayla30,f
Kendall,Ken49,f
Mckenzie,Mckenzie47,f
Bernadette,Bernadette9,f
Muriel,Mur,f
Flora,Florence,f
Gretchen,Margaret32,f
Mamie,Mamie74,f
Dominique,Dominique94,f
Cristina,Cristina59,f
Janelle,Janelle67,f
Nadine,Nada,f
Jaime,Jaime83,f
Lacey,Lacey85,f
Cara,Cara11,f
Alana,Alana82,f
Erma,Erma43,f
Genesis,Genesis53,f
Kerry,Kerry16,f
Jaclyn,Jaclyn95,f
Alejandra,Alejandra48,f
Marisa,Marisa55,f
Della,Adela,f
Rosemarie,Rosemarie93,f
Allyson,Allyson5,f
Janis,Janis14,f
Shelia,Shelia24,f
Hayley,Hayley88,f
Michaela,Michaela99,f
Raquel,Raquel65,f
Lana,Lana24,f
Latoya,Latoya10,f
Cecelia,Cecelia71,f
Kelley,Kelley31,f
Juliana,Juliana63,f
Mya,Mya9,f
Kiara,Kiara24,f
Lora,Lora8,f
Shawna,Shawna88,f
Johnnie,Johnnie93,f
Betsy,Betsy13,f
Paulette,Paulette12,f
Rochelle,Rochelle1,f
Payton,Payton25,f
Doreen,Doreen63,f
Christie,TheOnlyChristie,f
Patti,Patti68,f
Jordyn,Jordyn35,f
Ginger,Ginger74,f
Skylar,LightSkylar,f
Ashlee,Ashlee45,f
Teri,Teri67,f
Celia,Celia4,f
Josie,Josie61,f
Callie,Callie64,f
Selena,Selena32,f
Jasmin,Jasmin7,f
Liliana,UltimateLiliana,f
Kylee,Kylee72,f
Jana,FireJana,f
Ashlyn,Ashlyn17,f
Johanna,UltimateJo,f
Mable,Mable61,f
Esmeralda,UltraEsmeralda,f
Meagan,Meagan59,f
Laverne,Vernon,f
Eloise,Heloise,f
Tessa,Teresa,f
Annabelle,Annabelle37,f
Mindy,Mindy86,f
Mona,Mona95,f
Lilly,Lily,f
Mercedes,Merci66,f
Ernestine,Teeny,f
Cassie,Cassandra70,f
Lynette,Lynette55,f
Corinne,LightCora,f
Leticia,Leticia34,f
Adrianna,Adrianna47,f
Darla,Darla76,f
Shari,Shari32,f
Camila,Camila11,f
Bella,Belle,f
Pat,Patrick,f
Elisabeth,Elisabeth88,f
Estelle,Essy80,f
Laurel,Laurel31,f
Tricia,Tricia35,f
Alexia,StupidAlexia,f
Ebony,Ebony46,f
Trisha,Patricia,f
Serenity,Serenity8,f
Mandy,Amanda,f
Jazmin,Jazmin24,f
Dixie,Dixie79,f
Leigh,CutieLeigh,f
Rylee,Rylee73,f
Stacie,Stacie5,f
Yesenia,Yesenia30,f
Henrietta,Hank,f
Nikki,Nikki8,f
Tami,Tami27,f
Kristie,Kristie56,f
Reagan,Reagan75,f
Giselle,Giselle74,f
Elisa,Lisa,f
Eula,Eula42,f
Kimberley,Kim,f
Ellie,Elly61,f
Nadia,Nadia72,f
Sonja,UltraSonja,f
Marla,Marla10,f
Margarita,Maggie,f
Carolina,Carolina61,f
Raven,Raven46,f
Kerri,LightKerri,f
Alissa,Alissa43,f
Lorena,Lorena16,f
Stefanie,Stefanie90,f
Bonita,Bonita31,f
Adeline,Delia,f
Allie,SoberAllie,f
Tammie,TheOnlyTammie,f
Julianna,Julianna25,f
Cheri,Cheri94,f
Lorene,CutieLorene,f
Alondra,Alondra71,f
Tasha,Tash59,f
Aurora,StupidAurora,f
Freda,LightFrieda,f
Kyla,Kyla47,f
Serena,Rena3,f
Winifred,Freddie,f
Makenzie,DarkMakenzie,f
Britney,Britney12,f
Sherrie,Sherrie97,f
Bette,Bette37,f
Justine,Justine28,f
Anastasia,Ana,f
Eliza,Elizabeth89,f
Jazmine,Jazmine7,f
Katharine,Katharine74,f
Deloris,Deloris38,f
Ronda,Ronda83,f
Jeannie,Jeannie41,f
Jayla,Jayla10,f
Bettie,Bettie61,f
Hanna,Hanna78,f
Clarissa,SoberCissy,f
Pam,Pam29,f
Olive,Nollie,f
Francine,Franniey,f
Tori,Tori58,f
Penelope,Penny27,f
Melba,Melba36,f
Patrice,Patrice34,f
Jewel,Jewel67,f
Ciara,LightCiara,f
Mollie,Mollie9,f
Madeleine,Madeleine7,f
Sasha,Sasha90,f
Shawn,Shawn88,f
Sallie,Sallie67,f
Tracie,Tracie89,f
Kyra,Kyra56,f
Mckenna,Ken,f
Therese,Therese55,f
Diamond,Diamond42,f
Lesley,Lesley91,f
Leila,MasterLeila,f
Mayra,Mayra25,f
Ivy,Ivy44,f
Marina,Marina22,f
Alaina,Alaina5,f
Lucia,Lucy,f
Rachelle,Rachelle28,f
Alisa,Alisa26,f
Ashleigh,Ashleigh86,f
Tatiana,Tatiana65,f
Janine,Janine88,f
Tia,Tia96,f
Marisol,Marisol31,f
Delaney,Delaney87,f
Kasey,K.c.17,f
Chelsey,Chelsey0,f
Keri,Keri0,f
Reba,Beck74,f
Lucinda,Lu79,f
Christa,Chris,f
Trina,Trina85,f
Kira,Kira73,f
Mariana,Mariana54,f
Aliyah,Aliyah77,f
Charity,Chat,f
Latasha,Latasha40,f
Asia,Asia50,f
Adele,Dell,f
Nettie,LightNettie,f
Harper,SoberHarper,f
Kassandra,Kassandra64,f
Rena,Rena24,f
Myrna,Myrna0,f
Lottie,Lottie16,f
Essie,TheOnlyEssie,f
Fern,CutieFern,f
Katelynn,Katelynn89,f
Scarlett,Scarlett9,f
Shana,Shana3,f
Debora,Deb55,f
Shayla,Shayla40,f
Lela,Lela99,f
Lou,Louis24,f
Janette,Janette69,f
Dorothea,Doda,f
Daphne,Daph14,f
Dena,Dena12,f
Lenora,Nora73,f
Savanna,StupidSavanna,f
Ollie,Oliver,f
Cherie,Cherie40,f
Angeline,MasterAngeline,f
Aileen,Lena,f
Helene,Lena41,f
Dina,Dina30,f
Frankie,Frank,f
Cierra,Cierra4,f
Addie,Addie62,f
Randi,Randi11,f
Dakota,Dakota71,f
Shanna,UltraShanna,f
Antonia,Tony28,f
Hillary,Hillary19,f
Jolene,Jolene96,f
Cathleen,Kathy,f
Fatima,CleverFatima,f
Estella,Essy51,f
Carissa,Carissa9,f
Kayleigh,Kayleigh16,f
Ora,Ora29,f
Joni,Joni76,f
Shauna,Shauna40,f
Noelle,Noelle99,f
Leanne,Lea,f
Candy,Candy6,f
May,Mae69,f
Khloe,Khloe72,f
Delia,TheOnlyFidelia,f
Brenna,Brenna55,f
Karin,Karin81,f
Piper,Piper67,f
Haylee,Haylee83,f
Fay,Fay98,f
Laila,Laila87,f
Lucile,Lucile54,f
Tania,Tania24,f
Helena,Eileen62,f
Etta,Etta64,f
Julianne,Julianne46,f
Lea,Lea64,f
Sondra,Dre,f
Macy,Macy3,f
Imogene,Imogene41,f
Alyson,MasterAlyson,f
Gwen,Gwendolyn81,f
Jayne,Jayne26,f
Angelique,Angelique14,f
Jodie,Jodie8,f
Staci,Staci81,f
Ina,LightIna,f
Lorna,Lorna28,f
Reese,Reese22,f
Polly,Polly57,f
Iva,Ivy36,f
Makenna,Makenna46,f
Eugenia,Eugenia28,f
Francesca,Francesca54,f
London,London59,f
Cameron,Ron88,f
Lara,Lara81,f
Goldie,Goldie52,f
Cleo,Cleo2,f
Keira,Keira32,f
Tiana,Tiana43,f
Brooklynn,CutieBrooklynn,f
Daniella,Daniella81,f
Jenifer,Jenifer84,f
Elva,Elva0,f
Luz,Luz54,f
Eliana,Eliana5,f
Jewell,Jewell38,f
Rosetta,SoberRosetta,f
Susanne,Susanne34,f
Kailey,Kailey44,f
Eden,Eden33,f
Blanca,LightBlanca,f
Chasity,Chasity92,f
Trudy,Gertrude55,f
Taryn,Taryn60,f
Clare,Clara89,f
Amaya,Amaya16,f
Camryn,Camryn64,f
Kiana,Kiana0,f
Francis,Fran,f
Effie,Effie96,f
Aubree,Aubree73,f
Tamika,Tamika84,f
Kenya,Kenya90,f
Maribel,Maribel55,f
Tiara,Tiara86,f
Lizbeth,Lizbeth7,f
Paris,Paris68,f
Delilah,Lil,f
Bettye,Bettye17,f
Hilary,Hilary98,f
Jeannine,Jeannine92,f
Rosalind,SoberRosalind,f
Glenna,Glenna98,f
Ingrid,Ingrid57,f
Leann,Leann45,f
Lizzie,Elizabeth62,f
Alina,Alina42,f
Ericka,Ericka37,f
Phoebe,Fifi,f
Latonya,Latonya24,f
Leola,Leola27,f
Julissa,Julissa28,f
Chris,Christina,f
Hallie,Hallie69,f
Simone,Simone44,f
Jeanine,Jeanine18,f
Bobbi,Bobbi36,f
Maritza,Maritza6,f
Bridgette,Bridgette75,f
Elvira,Elvie,f
Keisha,Keisha5,f
Audra,Audra75,f
Ola,Ola20,f
Heaven,Heaven62,f
Paola,Paola97,f
Imani,Imani60,f
Sheena,Sheena13,f
Luella,Lula16,f
Alivia,Alivia58,f
Talia,Talia38,f
Deana,Deana80,f
Logan,Logan72,f
Leilani,Leilani23,f
Lorie,FireLorie,f
Tonia,Tonia57,f
Jimmie,Jimmie95,f
Larissa,Larissa48,f
Valentina,Felty52,f
Jeri,Jeri95,f
Athena,Athena76,f
Alayna,Alayna29,f
Jami,Jami86,f
Emilee,Emilee61,f
Angelia,Angelia27,f
Robbie,Robbie47,f
Arielle,Arie,f
Jayden,Jayden55,f
Clarice,LightClarice,f
Ashlynn,Ashlynn18,f
Brielle,Brielle70,f
Aniyah,Aniyah46,f
Elsa,Elsa73,f
Willa,Willa13,f
Christi,Christi76,f
Izabella,Izabella53,f
Ryan,Ry,f
James,Jimmy,f
Brianne,Brianne64,f
Margo,Margo72,f
Hayden,Hayden40,f
Juliet,Juliet41,f
Carmela,Carmela17,f
Skyler,Skyler44,f
Ladonna,Ladonna73,f
Dale,Dale94,f
Marcy,StupidMarcy,f
Bernadine,Bernadine36,f
Sidney,Syd,f
India,Indie,f
Rene,Rene28,f
Fiona,Fiona17,f
Alta,Alta76,f
Nell,Nell83,f
Tabatha,Tabatha22,f
Sienna,Sienna35,f
Emilie,Emilie14,f
Tanisha,Tanisha19,f
Alexus,Alexus3,f
Michael,Micky27,f
Leanna,Leanna19,f
Darcy,Darcy26,f
Greta,Greta77,f
Terrie,Terrie32,f
Emilia,Emilia46,f
Gale,Gale37,f
Katlyn,LightKatlyn,f
Aisha,Aisha28,f
Kali,Kali68,f
Susana,Susana15,f
Kaylie,Kaylie52,f
Nelda,Nelda66,f
Amie,Amie58,f
Rhoda,Rodie99,f
Devon,Devon44,f
Harley,Harley55,f
Selma,Anselm75,f
Nia,Nia59,f
Dorthy,Dorthy33,f
Lupe,Lupe49,f
Karissa,Karissa62,f
Lexi,FireLexi,f
Ashton,CleverAshton,f
Christian,Chris,f
Millie,Millie6,f
Latisha,SoberLatisha,f
Yasmin,Yasmin15,f
Kiera,SoberKiera,f
Lenore,Lenore54,f
Kelsie,Kelsie38,f
Noreen,Noreen94,f
Viviana,Viviana70,f
Noemi,UltimateNoemi,f
Ruthie,Ruthie73,f
Matilda,Tilly64,f
Eve,Eve82,f
Brynn,Brynn30,f
Alanna,Alanna25,f
Perla,Perla5,f
Bryanna,Bryanna28,f
Lacy,Lacy70,f
Lauryn,Laurie,f
Aria,UltraAria,f
Kamryn,Kamryn78,f
Precious,Precious32,f
John,UltraJack,f
Melisa,MasterMelisa,f
Lyla,UltraLyla,f
Kiley,Kiley22,f
Claudette,Claudette98,f
Malia,CleverMalia,f
Marley,Marley25,f
Madalyn,Madalyn19,f
Harmony,Harmony50,f
Araceli,Araceli45,f
Esperanza,Esperanza13,f
Colette,Colette77,f
Elnora,Nora,f
Silvia,Silvia82,f
Rosalyn,Linda,f
Saundra,Saundra44,f
Juliette,Juliette57,f
Elaina,Elaina44,f
Robert,Hob,f
Baylee,Baylee12,f
Harriett,Harriett29,f
Cortney,Cortney52,f
Ryleigh,Ryleigh86,f
Frieda,Freddie88,f
Lorrie,Lorrie35,f
Cadence,Cadence8,f
Maura,Maura40,f
Jayda,Jayda10,f
Annmarie,Annmarie54,f
Gay,Gay42,f
Mara,Mara32,f
Mavis,Mavis17,f
Katy,Kathy,f
Chandra,Chandra46,f
Kaylin,UltraKaylin,f
Devin,Devin52,f
Beatriz,DarkBeatriz,f
Evangeline,Ev60,f
Emely,Emely38,f
Malinda,Lindy,f
Dulce,Dulce17,f
Tatum,Tatum5,f
Elinor,Elinor82,f
Kassidy,Kassidy23,f
Carmella,Carmella15,f
Elma,Elma9,f
Ila,Ila74,f
Virgie,Virgie98,f
Mikaela,Mikaela12,f
Abbey,Abbey36,f
Valarie,Valarie18,f
Earnestine,Earnestine6,f
Corrine,Corrine95,f
Nannie,Nannie17,f
Pearlie,Pearlie13,f
Nayeli,Nayeli64,f
Sharron,Sharron69,f
Nola,Nola81,f
Rae,Rae39,f
Sybil,Sybil50,f
Kaitlynn,Kaitlynn65,f
Earline,UltraEarline,f
Cornelia,Nelly11,f
James,Jimmy,m
John,Jack,m
Robert,Hob,m
Michael,Micky,m
William,Willy,m
David,Dave,m
Richard,Dick,m
Joseph,Jody,m
Charles,Charlie,m
Thomas,Thom,m
Christopher,Chris,m
Daniel,Dan49,m
Matthew,Thys,m
Donald,Dony,m
Anthony,Tony,m
Paul,Polly80,m
Mark,Mark45,m
George,Jorge,m
Steven,Steve80,m
Kenneth,Ken76,m
Andrew,Andy,m
Edward,Teddy23,m
Joshua,Jos79,m
Brian,Bryan59,m
Kevin,Kevin12,m
Ronald,Naldo,m
Timothy,Tim,m
Jason,UltimateJason,m
Jeffrey,Geoff,m
Gary,Gary61,m
Ryan,Ry,m
Nicholas,Nick,m
Eric,Rick,m
Jacob,Jaap22,m
Stephen,Steve27,m
Frank,Franklin45,m
Jonathan,John,m
Larry,Laurence22,m
Scott,Scotty6,m
Justin,Justus50,m
Raymond,Ray,m
Brandon,Brandon19,m
Gregory,Greg,m
Samuel,Sammy3,m
Benjamin,Benjy,m
Patrick,Pate70,m
Jack,Jack55,m
Dennis,Denny95,m
Jerry,Jereme,m
Alexander,Alex87,m
Henry,Hank,m
Tyler,Tyler76,m
Walter,Wally,m
Peter,Pete66,m
Douglas,Doug19,m
Aaron,Erin47,m
Jose,LightJose,m
Harold,Hal69,m
Adam,Edie,m
Zachary,Zachary24,m
Nathan,Nate6,m
Carl,Carl7,m
Arthur,CleverArt,m
Kyle,Kyle3,m
Gerald,Gerry,m
Albert,Bert,m
Lawrence,Lorry84,m
Roger,Roge,m
Keith,Keith87,m
Jeremy,Jeremy70,m
Joe,Joseph47,m
Terry,Terence,m
Willie,William32,m
Sean,Sean98,m
Jesse,Jesse50,m
Ralph,Ralph6,m
Austin,Austin84,m
Christian,Chris,m
Billy,William94,m
Bruce,Bruce60,m
Roy,Roy49,m
Bryan,Bryan44,m
Eugene,Gene,m
Louis,Lewis,m
Harry,MasterHarold,m
Ethan,Ethan63,m
Wayne,Wayne38,m
Jordan,Jordan36,m
Russell,Russ97,m
Alan,Al,m
Philip,Phil85,m
Juan,CutieJuan,m
Randy,Randy21,m
Howard,Hal,m
Dylan,Dylan95,m
Vincent,Vic,m
Bobby,Rob63,m
Johnny,Johnny75,m
Phillip,Phil,m
Victor,Vic38,m
Fred,Freddy71,m
Shawn,Shawn83,m
Craig,Craig30,m
Noah,Noah11,m
Travis,StupidTravis,m
Bradley,Bradley47,m
Gabriel,Gabe,m
Martin,Marty,m
Stanley,Stanley27,m
Jimmy,Jimmy64,m
Todd,Todd26,m
Danny,Daniel11,m
Leonard,Lineau,m
Ernest,Ernie,m
Cody,Cody58,m
Dale,Dale95,m
Carlos,Carlos37,m
Francis,Fran91,m
Clarence,Clare42,m
Logan,Logan23,m
Earl,Earl89,m
Allen,Al26,m
Luis,UltraLuis,m
Joel,Joel5,m
Alex,Alexandra,m
Curtis,Curt,m
Nathaniel,Than,m
Frederick,Freddie,m
Cameron,Ron,m
Norman,Norman71,m
Marvin,Marv,m
Tony,Anthony,m
Rodney,Rodney83,m
Caleb,Cal,m
Glenn,Glenn79,m
Chad,Chad92,m
Evan,Evan9,m
Steve,Stephen,m
Melvin,Mel,m
Antonio,Antonio9,m
Isaac,Ike,m
Jeffery,Jeffery16,m
Edwin,Ed49,m
Elijah,Lige,m
Alfred,Freddy,m
Derek,Derek31,m
Luke,Lucas35,m
Ricky,Dick2,m
Marcus,Mark,m
Lee,Lee22,m
Jesus,Jesus97,m
Herbert,Bert37,m
Theodore,Theo7,m
Mason,Mason39,m
Troy,Troy14,m
Dustin,Dustin27,m
Adrian,Rian98,m
Angel,Angel76,m
Ian,John8,m
Eddie,Eddy79,m
Mike,Micky26,m
Hunter,Hunter61,m
Jared,Jared8,m
Wesley,Wesley27,m
Randall,Randall35,m
Bernard,Barney56,m
Ray,Raymond,m
Lucas,Luke,m
Leroy,Roy47,m
Calvin,Vin,m
Shane,Shane25,m
Jay,Jay87,m
Ronnie,Ronald58,m
Jackson,Jack,m
Corey,Coco96,m
Barry,Barry72,m
Clifford,Ford88,m
Connor,Connor39,m
Isaiah,Zadie51,m
Tommy,Thomas,m
Manuel,Emanuel50,m
Oscar,Oscar62,m
Julian,Jule69,m
Warren,Warren94,m
Leo,Leon,m
Dean,Dean44,m
Jon,John,m
Don,Donald,m
Miguel,Miguel13,m
Jeremiah,Jereme,m
Mitchell,Mitch52,m
Jayden,SoberJayden,m
Darrell,Darrell75,m
Blake,Blake24,m
Brett,Brett93,m
Bill,William,m
Jerome,Jerome46,m
Seth,Seth36,m
Leon,Leon42,m
Trevor,Trevor31,m
Lloyd,Lloyd77,m
Micheal,DarkMicheal,m
Alvin,Alvin42,m
Gavin,Gavin36,m
Gordon,Gordon37,m
Erik,Erik67,m
Aiden,Aiden89,m
Devin,Devin87,m
Jim,Jimmie84,m
Floyd,Lloyd87,m
Vernon,Vernon18,m
Chase,Chase9,m
Derrick,Ricky57,m
Chris,Christina,m
Dominic,Dom66,m
Mario,Mario41,m
Brent,Brent33,m
Marc,Marc44,m
Charlie,Charles,m
Edgar,Ed,m
Lewis,Lewis27,m
Owen,Owen46,m
Ricardo,Rick,m
Max,Max44,m
Franklin,Fran,m
Clyde,UltimateClyde,m
Maurice,Morey78,m
Tom,Thomas53,m
Francisco,Francisco79,m
Cory,Coco79,m
Gene,Gene4,m
Garrett,Garrett53,m
Gilbert,Bert,m
Jorge,Jorge84,m
Alejandro,Alejandro16,m
Landon,Landon63,m
Clayton,Clayton93,m
Glen,Glen3,m
Herman,Harman13,m
Lester,Les83,m
Liam,Liam23,m
Cole,UltimateColie,m
Jeff,Geoffrey,m
Andre,UltraAndre,m
Ivan,John,m
Colin,Colin60,m
Duane,MasterDuane,m
Xavier,Xavier56,m
Jake,LightJake,m
Grant,TheOnlyGrant,m
Elmer,Elmer16,m
Chester,Chet,m
Milton,Milton58,m
Jimmie,Jimmie54,m
Spencer,Spencer72,m
Wyatt,Wyatt31,m
Casey,K.c.6,m
Harvey,Harvey57,m
Reginald,Reggie63,m
Leslie,StupidLes,m
Taylor,Taylor72,m
Carter,Carter60,m
Ruben,Ruben26,m
Sam,Sammy,m
Sebastian,Sebby59,m
Roberto,Roberto44,m
Levi,Lee,m
Lance,Lance34,m
Aidan,Aidan85,m
Jessie,Jane15,m
Darren,Darren82,m
Dan,Danny26,m
Preston,CutiePreston,m
Bryce,FireBryce,m
Arnold,Arnie,m
Neil,Neil63,m
Cecil,Cecil34,m
Oliver,Ollie,m
Eduardo,Ed64,m
Karl,Karl59,m
Hector,UltimateHector,m
Johnnie,Johnnie78,m
Tristan,Tristan0,m
Colton,Colton49,m
Clinton,Clinton7,m
Roland,Rollo57,m
Brayden,Brayden71,m
Diego,Diego86,m
Bob,Rob,m
Allan,Al20,m
Darryl,Darryl83,m
Javier,Javier50,m
Fernando,Fernando72,m
Lonnie,Lonnie90,m
Johnathan,Johnathan16,m
Omar,Omar79,m
Brendan,Brendan11,m
Tanner,Tanner39,m
Hayden,Hayden12,m
Everett,Everett75,m
Kurt,Kurt55,m
Jamie,James,m
Dakota,Dakota5,m
Eli,Eli23,m
Pedro,Pedro94,m
Marshall,Marshall8,m
Riley,Riley1,m
Brad,Bradford,m
Andy,Andrew,m
Carson,Carson20,m
Guy,Guy83,m
Raul,Raul2,m
Tim,Timothy87,m
Rick,Ricky,m
Kelly,Kelly83,m
Claude,Claude97,m
Brady,Brody,m
Parker,Parker80,m
Nicolas,Nicolas94,m
Greg,Greg0,m
Tyrone,Tyrone94,m
Jackie,Jackie52,m
Ross,Ross50,m
Byron,Byron54,m
Micah,Micah53,m
Sidney,Syd,m
Wallace,Wally23,m
Dwight,Dwight30,m
Andres,Andres86,m
Dalton,Dahl,m
Abraham,Ab17,m
Maxwell,Maxwell23,m
Dwayne,Dwayne57,m
Josiah,Jos,m
Ted,Teddy,m
Rafael,CleverRafael,m
Hugh,LightHugh,m
Willard,Willard71,m
Sergio,Sergio19,m
Nelson,Nels78,m
Ben,Benjamin18,m
Angelo,Angelo97,m
Freddie,Freddie47,m
Ramon,Ramon17,m
Collin,FireCollin,m
Drew,Andrew57,m
Mathew,Mathew5,m
Nolan,Nolan17,m
Perry,Perry35,m
Terrence,Terrence69,m
Damian,Damian9,m
Armando,Armando1,m
Shaun,Shaun61,m
Devon,Devon24,m
Cesar,FireCesar,m
Julius,Julius1,m
Kaleb,Kaleb44,m
Jaden,LightJaden,m
Terrance,UltimateTerrance,m
Kent,Ken,m
Stuart,Stu,m
Kirk,Kirk82,m
Marion,Mary,m
Virgil,Virgil23,m
Marco,FireMarco,m
Clifton,Tony,m
Jaime,Jaime64,m
Morris,Morey,m
Erick,Erick7,m
Wade,LightWade,m
Jonathon,Jonathon54,m
Emmanuel,Emmanuel58,m
Cooper,Cooper79,m
Daryl,Daryl83,m
Rickey,Rickey42,m
Kristopher,Chris,m
Dillon,Dillon49,m
Miles,Miles20,m
Fredrick,Fredrick17,m
Damon,Damon25,m
Alexis,Lexi32,m
Tracy,Tracy63,m
Donnie,Donald,m
Dave,David65,m
Cristian,Cristian10,m
Felix,Felix73,m
Alberto,Alberto54,m
Dominick,Dominick37,m
Julio,Julio64,m
Ashton,Ashton72,m
Luther,Luke94,m
Harrison,Harrison44,m
Malcolm,Mac,m
Elias,Eli22,m
Gerard,SoberGerard,m
Giovanni,Giovanni59,m
Lorenzo,Loren,m
Salvatore,Salvatore75,m
Enrique,Enrique77,m
Rex,Rex43,m
Lyle,Lyle49,m
Brody,Brody51,m
Dallas,Dallas69,m
Earnest,Ernestine16,m
Caden,Caden48,m
Geoffrey,Geoff95,m
Hubert,TheOnlyBert,m
Gage,MasterGage,m
Ayden,Ayden67,m
Trenton,Trenton85,m
Kaden,Kaden18,m
Homer,Homer73,m
Wilbur,Willy65,m
Israel,Israel17,m
Otis,Ode,m
Alfredo,Alfredo52,m
Dana,StupidDana,m
Neal,Neal37,m
Jonah,Jonah74,m
Arturo,Arturo48,m
Wendell,Wendell13,m
Damien,Damien79,m
Shannon,Shannon62,m
Lynn,Lynn52,m
Joey,Joseph,m
Donovan,Donovan98,m
Kerry,Kerry49,m
Rudolph,Dolph,m
Gerardo,Gerardo67,m
Bennie,Bennie55,m
Kenny,UltraKen,m
Colby,Colby41,m
Trent,Trent52,m
Simon,Si6,m
Conner,Conner40,m
Alec,Alec51,m
Kelvin,Kelvin8,m
Darius,Darius31,m
Horace,Horry,m
Leonardo,FireLeonardo,m
Roman,Roman24,m
Randolph,Dolph71,m
Garry,Garry46,m
Leland,Leland86,m
Rene,Rene27,m
Carlton,Carl,m
Bryant,Bryant49,m
Willis,Willy44,m
Marcos,MasterMarcos,m
Nick,Nik,m
Edmund,Ed8,m
Salvador,Sal,m
Ira,Ira81,m
Benny,UltraBenny,m
Rudy,Rudolph26,m
Delbert,Bert,m
Bryson,Bryson16,m
Josue,Josue67,m
Orlando,Roland56,m
Roderick,Rod,m
Emanuel,MasterManuel,m
Avery,Avery58,m
Loren,Loren30,m
Peyton,Peyton53,m
Santiago,Santiago19,m
Ty,CleverTy,m
Alton,Alton66,m
Forrest,Forrest99,m
Robin,Robin78,m
Archie,CleverArchie,m
Braden,Braden53,m
Chance,Chance22,m
Jace,Jace73,m
Myron,Myron89,m
Jaxon,Jaxon13,m
Malik,Malik38,m
Jermaine,Jermaine11,m
Ernesto,Ernesto42,m
Pablo,Pablo65,m
Sammy,Samuel81,m
Wilson,Will,m
Grady,Grady46,m
Noel,DarkNoel,m
Grayson,Grayson69,m
Pete,FirePeter,m
Lowell,Lowell13,m
Sylvester,Sy,m
Dante,Dante53,m
Irving,Irv,m
Frankie,Frank,m
Brock,Brock0,m
Cedric,Ced,m
Tyson,Tyson75,m
Clark,Clark63,m
Junior,Junie7,m
Morgan,Morgan82,m
Wilbert,Wilbert31,m
Abel,Ebbie32,m
Woodrow,Woody85,m
Skyler,UltraSkyler,m
Zane,Zane12,m
Alfonso,Alfonso95,m
Trey,Trey91,m
Jalen,Jalen92,m
Malachi,Mally,m
Nickolas,Nickolas94,m
Gregg,Gregg57,m
Quentin,Quentin70,m
Emmett,Emmett46,m
Roosevelt,Roosevelt91,m
Ron,Ronald35,m
Gustavo,Gustavo32,m
Alonzo,Lon,m
Sherman,CleverSherman,m
Laurence,Lorry,m
Saul,CutieSaul,m
Kim,Kimberly,m
Ervin,Ervin44,m
Irvin,Irving62,m
Fabian,Fabian26,m
Ellis,CleverEllis,m
Carroll,Carroll18,m
Elliott,Elliott88,m
Terrell,Terrell95,m
Demetrius,Demetrius34,m
Emilio,Emilio11,m
Clay,Clay51,m
Harley,Harley86,m
Sheldon,Shelly,m
Ismael,Ismael36,m
Braxton,Braxton27,m
Darin,Darin15,m
Terence,Terry4,m
Tommie,Tommie56,m
Griffin,Griffin62,m
Moses,Amos12,m
Rodolfo,Rodolfo78,m
Cornelius,Conny,m
Orville,Orville76,m
Mack,Mac,m
Graham,Graham11,m
Kayden,Kayden17,m
Hudson,Hudson78,m
Rufus,Rufus94,m
Myles,Myles9,m
Jamal,Jamal72,m
Marty,Marty11,m
Ken,Kenneth57,m
Kendall,Ken30,m
Lamar,Lamar70,m
Jaylen,Jaylen81,m
Jody,Jo4,m
Toby,Toby38,m
Tucker,Tucker47,m
Drake,Drake5,m
Billie,Billie93,m
Lane,Lane49,m
Elliot,Elliot62,m
Zackary,Zackary87,m
Chandler,Chandler39,m
Clint,Clint47,m
Teddy,Teddy37,m
Keegan,Keegan2,m
Elbert,Albert31,m
Zachery,Zachery1,m
Camden,Camden9,m
Dewey,Dewey19,m
Bret,Bret37,m
Doyle,Doyle77,m
Darrin,Darrin68,m
Bradford,Ford,m
Brennan,Brennan36,m
Jakob,Jakob58,m
Jayson,Jayson4,m
Dawson,Dawson92,m
Dane,Dane94,m
Conrad,Conny46,m
Asher,Asher62,m
Jasper,Jap,m
Guillermo,Guillermo96,m
Desmond,Desmond86,m
August,Gus,m
Dick,Rick,m
Felipe,Felipe57,m
Weston,Weston28,m
Merle,Merle43,m
Darrel,Darrel6,m
Randal,Randal40,m
Ryder,Ryder62,m
Dexter,Dexter74,m
Corbin,Corbin73,m
Esteban,UltimateEsteban,m
Marlon,Marlon30,m
Beau,Beau82,m
Blaine,Blaine55,m
Stewart,FireStewart,m
Branden,Branden29,m
Heath,Heath82,m
Kameron,Kameron0,m
Gilberto,Gilberto93,m
Cayden,Cayden20,m
Will,Bill40,m
Silas,Si91,m
Aubrey,Bree64,m
Quinn,Quinn9,m
Hugo,Hugo9,m
Deandre,Deandre2,m
Lincoln,Link45,m
Darnell,Darnell12,m
Ezekiel,Zeke62,m
Amos,Moses,m
Bert,Bertie,m
Lukas,Lukas72,m
Quinton,Quinton67,m
Wilfred,Will69,m
Sawyer,Sawyer11,m
Kyler,Kyler97,m
Jarrod,Jarrod5,m
Antoine,Antoine98,m
Easton,Easton68,m
Percy,Percy65,m
Emil,Emily88,m
Pat,Patrick,m
Lionel,Leon50,m
Mateo,StupidMateo,m
Solomon,Sal,m
Sterling,Sterling50,m
Kai,Kai38,m
Ezra,Ez79,m
Timmy,Timothy99,m
Moises,Moises52,m
Brenden,Brenden82,m
Johnathon,LightJohnathon,m
Dewayne,Dewayne78,m
Zachariah,Zachy9,m
Guadalupe,MasterGuadalupe,m
Jude,Jude6,m
Kaiden,Kaiden30,m
Mickey,Mickey44,m
Tomas,Tomas18,m
Bentley,Bentley75,m
Reid,Reid25,m
Kendrick,Ken38,m
Stephan,Steve,m
Cade,LightCade,m
Axel,Axel94,m
Jaiden,Jaiden39,m
Jerald,Jerald55,m
Rocco,Rocco33,m
Rocky,Rocky56,m
Bennett,Bennett18,m
Adan,Adan73,m
Louie,Louie3,m
Reuben,Rube,m
Ramiro,Ramiro7,m
Freddy,Freddy99,m
Joaquin,Joaquin24,m
Rogelio,Rogelio97,m
Boyd,Boyd99,m
Davis,FireDavis,m
Jaxson,Jaxson8,m
Reed,Reed92,m
Van,Van64,m
Eldon,Eldon57,m
Marquis,Marquis41,m
Payton,Payton37,m
Doug,Doug66,m
Cary,Cary15,m
Rylan,Rylan20,m
Dominique,Dominique80,m
Rolando,Rolando72,m
Amir,Amir16,m
Lamont,Monty6,m
Kody,Kody56,m
Ali,Ali67,m
Royce,Royce21,m
Garland,Garland87,m
Isiah,Isiah38,m
Rory,Rory27,m
Rodrigo,Rodrigo73,m
Landen,Landen19,m
Winston,Winston96,m
Zion,Zion25,m
Quincy,Quincy24,m
Darwin,Darwin5,m
Jarrett,DarkJarrett,m
Otto,Otto69,m
Grover,Grover54,m
Maddox,Maddox49,m
Stacy,Stacy15,m
Vance,Vance58,m
Matt,Mathew82,m
Buddy,CleverBuddy,m
Courtney,Curt,m
Edmond,Ed97,m
Loyd,FireLoyd,m
Jean,Jane,m
Conor,Conor92,m
Jan,Jan46,m
Sammie,Sammie27,m
Rodger,Roge53,m
Thaddeus,Thad,m
Noe,Noe15,m
Monte,Monte42,m
Mauricio,Mauricio78,m
Declan,Declan99,m
Tristen,Tristen90,m
Bailey,Bailey90,m
Robbie,Robbie87,m
Cleveland,Cleveland65,m
Harlan,Harlan11,m
Nikolas,Nikolas21,m
Reynaldo,Reynaldo23,m
Norbert,Bert,m
Brendon,Brendon62,m
Jess,TheOnlyJess,m
Xander,Xander94,m
Anderson,Andy,m
Jameson,Jameson0,m
Burton,Burton3,m
Murray,Murray67,m
Johnie,Johnie96,m
Jonas,Jonas18,m
Cruz,Cruz80,m
Anton,TheOnlyAnton,m
Issac,SoberIssac,m
Keaton,Keaton61,m
Elwood,Woody,m
Ed,Eddie75,m
Marlin,Marlin7,m
Phil,TheOnlyPhillip,m
Elton,FireElton,m
Derick,Derick94,m
Nathanael,Nathanael53,m
Dorian,Dorian47,m
Scotty,Scotty49,m
Denis,Denis0,m
Vicente,Vicente62,m
Maximus,Maximus69,m
Bobbie,Bobbie10,m
Zackery,MasterZackery,m
Stefan,Stefan80,m
Kristian,Kristian84,m
Erwin,Irwin21,m
Ignacio,Ignacio25,m
Walker,Walker87,m
Efrain,Efrain5,m
Chuck,Chuck27,m
Holden,Holden95,m
Elvin,Elvin23,m
Roscoe,Ross,m
Aden,Aden23,m
Rusty,Russell,m
Jefferson,Sonny,m
Kurtis,Kurtis22,m
Skylar,Skylar50,m
Leonel,Leonel34,m
Javon,Javon10,m
Emiliano,FireEmiliano,m
Dion,Dion16,m
Humberto,Humberto2,m
Carmen,Carmen79,m
Ariel,UltimateAriel,m
Zander,Zander87,m
Damion,Damion85,m
Luca,Luca29,m
Kobe,Kobe53,m
Vaughn,Vaughn71,m
Ahmad,Ahmad56,m
Rickie,Rickie51,m
Justice,Justice56,m
Brooks,Brooks17,m
Greyson,Greyson30,m
Jayce,Jayce35,m
Santos,Santos60,m
Duncan,Dunk99,m
Rashad,Rashad98,m
Gael,Gael95,m
Khalil,DarkKhalil,m
Keenan,Keenan72,m
Jamar,Jamar41,m
Bart,Bartholomew,m
Jarvis,Jarvis78,m
Aron,Aron23,m
Curt,Curtis,m
Charley,Charley92,m
Donte,Donte52,m
Adolfo,Adolfo61,m
Emerson,Emerson87,m
Pierre,Pierre7,m
Tyrell,Tyrell68,m
Adolph,Adolph49,m
Deshawn,Deshawn93,m
Kermit,FireKermit,m
Uriel,Uriel68,m
Thurman,Thurman58,m
Carey,Carey34,m
Raphael,Ralph,m
Elvis,Elvis77,m
Reece,Reece73,m
Caiden,Caiden43,m
Kareem,CutieKareem,m
Ulysses,Ulysses3,m
Ned,UltraNed,m
Hal,Hal85,m
Trevon,Trevon58,m
Tate,Tate8,m
Alvaro,CutieAlvaro,m
Darian,FireDarian,m
Ernie,SoberErnie,m
Marcel,Marcel39,m
Cyrus,Cy22,m
Jeffry,Jeffry71,m
Brayan,Brayan78,m
Al,Albert9,m
Vito,CutieVito,m
Millard,CutieMillard,m
Aldo,TheOnlyAl,m
Norris,Norris81,m
Romeo,Romeo9,m
Kade,LightKade,m
Irwin,Erwin6,m
Jamison,Jamison83,m
Braylon,Braylon2,m
Shelby,Shelby32,m
Agustin,Agustin80,m
Ashley,Ashley37,m
Kingston,King12,m
Osvaldo,Osvaldo59,m
Coy,CutieCoy,m
Seymour,See,m
Camron,Camron56,m
Alphonso,Alphonso56,m
Braeden,Braeden84,m
Josh,Joshua,m
Kellen,Kellen25,m
Colten,SoberColten,m
Kory,Kory70,m
Bruno,Bruno83,m
Tobias,Bias72,m
Amari,Amari95,m
Odell,Odo56,m
Scot,Scot28,m
Barney,Barnabas,m
Armand,Armand73,m
Jordon,Jordon37,m
Bryon,Bryon11,m
Jarred,Jarred45,m
Milo,Milo28,m
Monty,Lamont55,m
Gus,Gussie36,m
Donnell,Donnell39,m
Deon,Deon11,m
Cash,Cash28,m
Domingo,Domingo71,m
Kris,Chris16,m
Russel,Russel31,m
Mohamed,Mohamed71,m
Wiley,Wiley84,m
Demarcus,Demarcus51,m
Galen,Galen78,m
Devan,Devan61,m
Denny,Denny16,m
Stacey,StupidStacey,m
Titus,Titus10,m
Benito,Benito81,m
Reese,Reese81,m
Maynard,Maynard92,m
Laverne,Vernon41,m
Chadwick,Chadwick0,m
Ronny,Ronald23,m
Gerry,Gerald55,m
Braydon,Braydon75,m
Judah,Juder41,m
Carmine,Carmine18,m
Sonny,Sonny78,m
Emory,Emory31,m
Davon,Davon46,m
Brenton,Brenton1,m
Carlo,Carlo1,m
Sanford,Sandy,m
Wilmer,Wilmer24,m
Tyree,Tyree5,m
Coleman,Coleman46,m
Quintin,Quintin19,m
Merlin,Merlin12,m
Maximilian,Maximilian8,m
Ollie,Oliver,m
Monroe,Monroe30,m
Antwan,Antwan98,m
Joesph,Joesph1,m
Mohammad,Mohammad12,m
Moshe,Moshe21,m
Waylon,Waylon19,m
Houston,Houston3,m
Brice,Brice54,m
Linwood,Linwood60,m
Isaias,Isaias12,m
Rowan,Rowan99,m
Mary,Mamie48,m
Ryker,Ryker92,m
Nehemiah,Nehemiah50,m
Ahmed,Ahmed53,m
Colt,TheOnlyColt,m
Emery,Emery69,m
Ezequiel,Ezequiel80,m
Delmar,Delmar13,m
Stevie,Stevie70,m
Markus,Markus49,m
Garret,Garret44,m
Finn,Finn67,m
Pierce,Pierce33,m
Weldon,UltraWeldon,m
Jarod,Jarod6,m
Devonte,Devonte82,m
Tevin,Tevin59,m
Denver,Denver29,m
Blair,Blair18,m
Gale,Gale97,m
Davion,Davion67,m
Morton,Morton59,m
King,King14,m
Jase,Jase66,m
Donny,Donald59,m
Gunner,Gunner71,m
Triston,UltimateTriston,m
Frederic,Frederic95,m
Harris,FireHarris,m
Truman,UltimateTruman,m
Mohammed,CutieMohammed,m
Barrett,Barrett92,m
Clair,Clare,m
Abram,Ab51,m
Paxton,Paxton65,m
Rhett,Rhett41,m
Hollis,Hollis21,m
Kirby,Kirby12,m
Ward,Ward44,m
Rigoberto,Rigoberto38,m
Deangelo,Deangelo82,m
Hans,Hans93,m
Ari,TheOnlyAri,m
Jamel,Jamel3,m
Jaquan,Jaquan78,m
Cullen,Cullen22,m
Kasey,K.c.,m
Nigel,Nigel2,m
Gunnar,TheOnlyGunnar,m
Prince,Prince15,m
Brantley,Brantley23,m
River,StupidRiver,m
Dayton,Dayton16,m
Kolton,Kolton60,m
Jamari,Jamari73,m
Yahir,TheOnlyYahir,m
Pasquale,Pasquale53,m
Forest,Forest32,m
Porter,MasterPorter,m
Eddy,Eddy4,m
Fidel,Fidel53,m
Clement,Clem72,m
Jaron,Jaron91,m
Kieran,UltraKieran,m
Phoenix,Phoenix14,m
Gino,Gino11,m
Buford,Buford77,m
Nasir,Nasir90,m
Orion,Orion14,m
Jaylin,Jaylin77,m
Korey,Korey75,m
Marquise,Marquise13,m
Maximiliano,Maximiliano18,m
Wilfredo,Wilfredo20,m
Merrill,Merrill94,m
Octavio,MasterOctavio,m
Trace,Trace88,m
Gregorio,Gregorio49,m
Jett,Jett61,m
Mitchel,Mitchel90,m
Addison,Addison28,m
Ulises,Ulises78,m
Heriberto,CutieHeriberto,m
Asa,Asa69,m
Kolby,Kolby38,m
Domenic,Dom14,m
Augustine,Gus,m
Scottie,Scottie93,m
Mekhi,Mekhi97,m
Deven,TheOnlyDeven,m
Wilburn,Wilburn12,m
Shelton,Tony,m
Jaylon,Jaylon90,m
Izaiah,Izaiah93,m
Zayden,Zayden55,m
Erich,Erich50,m
Cohen,Cohen49,m
Gonzalo,Gonzalo56,m
Augustus,Gus19,m
Cristopher,TheOnlyCristopher,m
Jadon,Jadon70,m