Ivy,Ivy96,f
Janna,Janna61,f
Kendra,Kendra21,f
Leïa,Leia70,f
Linoy,Linoy68,f
Loane,Loane93,f
Nathalie,Nathalie31,f
Nélya,Nelya38,f
Safia,Safia22,f
Salimata,Salimata65,f
Alima,Alima99,f
Blessing,Blessing2,f
Dyna,Dyna80,f
Florence,Florence46,f
Layna,Layna5,f
Matilda,Matilda93,f
Matilde,Matilde33,f
Aaron,Aaron36,m
Abdellah,Abdellah76,m
Adam,Adam75,m
Agathe,Agathe14,f
Ahmed,Ahmed28,m
Aïcha,Aicha10,f
Aïssatou,Aissatou71,f
Alban,LeDernierAlban,m
Alexis,Alexis50,m
Alix,Alix36,f
Alma,SuperAlma,f
Amara,Amara70,m
Amaury,Amaury11,m
Amel,Amel91,f
Amelia,Amelia95,f
Aminata,Aminata97,f
Amir,Amir99,m
Ana,Ana21,f
Anastasia,Anastasia46,f
Andy,Andy53,m
Angèle,Angele40,f
Angelique,Angelique3,f
Angelo,Angelo13,m
Anna,Anna58,f
Anthony,Anthony31,m
Arnaud,Arnaud29,m
Arsène,LeDernierArsene,m
Ashley,Ashley2,f
Asma,MasterAsma,f
Athena,Athena43,f
Auguste,Auguste9,m
Aurèle,Aurele74,m
Avi,Avi12,m
Awa,Awa30,f
Ayman,LeDernierAyman,m
Baptiste,MaitreBaptiste,m
Benjamin,Benj74,m
Brayan,Brayan89,m
Briac,Briac15,m
Brian,Brian75,m
Brieuc,Brieuc25,m
Bruno,DarkBruno,m
Bryan,Bryan58,m
Colombe,Colombe56,f
Constance,Constance68,f
Constantin,Constantin19,m
Damien,Damien17,m
Delphine,Delphine76,f
Diana,MaitreDiana,f
Dimitri,Dimitri22,m
Dounia,LePetitDounia,f
Eden,Eden25,f
Eglantine,Eglantine39,f
Elea,Elea27,f
Elena,Elena29,f
Eleonore,Eleonore24,f
Eliane,Eliane55,f
Eliot,Eliot93,m
Eliott,Eliott62,m
Elliot,Elliot11,m
Elouan,Elouan65,m
Elya,Elya44,f
Emy,Emy78,f
Enora,BadassEnora,f
Esteban,Esteban43,m
Esther,Esther5,f
Ethel,Ethel15,f
Fatima,Fatima87,f
Flavio,Flavio59,m
Florent,Florent71,m
Franck,Franck42,m
Gabin,Gabin83,m
Gad,LeDernierGad,m
Giulia,Giulia74,f
Helène,BadassHelene,f
Heloïse,Heloise80,f
Henri,Riton,m
Hugues,Hugues17,m
Ibrahim,Ibrahim79,m
Idriss,Idriss85,m
Igor,Igor56,m
Ilan,Ilan26,m
Jacob,LeDernierJacob,m
Mateo,Mateo25,m
Tao,Tao80,m
Zadig,Zadig15,m
Alessandro,Alessandro88,m
Ivan,Ivan95,m
Olivier,Olivier61,m
Waël,Wael5,m
Calixte,Calixte80,m
Dany,Dany80,m
Ewen,Ewen14,m
Gaétan,Gaetan85,m
Lazare,Lazare8,m
Mattéo,Matteo30,m
Yassin,Yassin96,m
Yossef,MaitreYossef,m
Aksil,Aksil76,m
Aloïs,Alois40,m
Armel,Armel12,m
Jérémy,Jeremy68,m
Luc,TarteLuc,m
Melvil,Melvil10,m
Yacouba,Yacouba14,m
Levi,Levi28,m
Loan,LeDernierLoan,m
Makan,Makan89,m
Malone,Malone94,m
Morgan,Morgan89,m
Mylan,CarotteMylan,m
Yannis,Yannis52,m
Yoan,Yoan18,m
Adrian,Adrian84,m
Daoud,Daoud52,m
Eloi,Eloi89,m
Guilhem,DarkGuilhem,m
Hedi,Hedi67,m
Kenzi,Kenzi4,m
Leon,Leon26,m
Mouhamadou,Mouhamadou7,m
Muhammad,Muhammad78,m
Niels,LeDernierNiels,m
Nohé,DarkNohe,m
Ahmad,Ahmad87,m
Anass,Anass55,m
Cheikh,Cheikh78,m
Darius,Darius58,m
Élio,Elio78,m
Ennio,Ennio78,m
Idir,Idir61,m
Jonah,Jonah85,m
Joud,Joud93,m
Manil,Manil80,m
Marcello,Marcello57,m
Michaël,Michael55,m
Nayel,Nayel39,m
Philémon,Philemon54,m
Rayen,Rayen17,m
Taym,Taym89,m
Aïssa,Aissa24,m
Aris,Aris97,m
Edward,MaitreEdward,m
Fabien,Fabien36,m
Harold,Harold61,m
John,MasterJohn,m
Juba,Juba93,m
Kilian,Kilian73,m
Lukas,Lukas13,m
Mady,Mady15,m
Michael,Michael21,m
Moïse,MasterMoise,m
Oskar,Oskar46,m
Seydina,Seydina70,m
Swan,SuperSwan,m
Wesley,MasterWesley,m
Sarah,Sarah5,f
Sofia,Sofia14,f
Joséphine,Josephine72,f
Margaux,Margaux56,f
Valentine,Valentine90,f
Ava,Ava11,f
Marie,Marie47,f
Suzanne,Suzanne84,f
Clara,Clara5,f
Pauline,Pauline56,f
Alicia,Alicia31,f
Laura,MaitreLaura,f
Sophia,Sophia48,f
Maya,Maya47,f
Capucine,Capucine41,f
Noémie,Noemie87,f
Elise,Elise24,f
Assia,Assia87,f
Ella,Ella94,f
Roxane,Roxane71,f
Myriam,Myriam52,f
Ines,Ines34,f
Thaïs,Thais61,f
Thalia,Thalia77,f
Theodore,Theodore26,m
Theophile,Theophile0,m
Theotime,Theotime26,m
Tiago,Tiago47,m
Timothee,Timothee47,m
Valentin,Valentin52,m
Victoria,Victoria14,f
Yanis,Yanis11,m
Yohan,Yohan83,m
Zakary,Zakary21,m
Zelie,Zelie26,f
Zineb,Zineb0,f
Zoe,Zoe44,f
Eve,Eve84,f
Alice,Alice45,f
Anaïs,Anais9,f
Nina,Nina89,f
Zoé,Zoe91,f
Victoire,Victoire34,f
Mila,SuperMila,f
Mathilde,Mathilde81,f
Clémence,Clemence91,f
Charlie,DarkCharlie,m
Aya,Aya48,f
Elisa,Elisa75,f
Madeleine,Madeleine73,f
Eléonore,Eleonore3,f
Sophie,Sophie37,f
Noa,DarkNoa,f
Maryam,Maryam28,f
Raphaëlle,Raphaelle55,f
Luna,SuperLuna,f
Livia,Livia85,f
Rachel,Rachel76,f
Thelma,Thelma5,f
Dina,Dina92,f
Lilou,Lilou39,f
Brune,Brune87,f
Marion,Marion19,f
Cassandre,Cassandre15,f
Hana,Hana53,f
Camélia,Camelia1,f
Rebecca,LeDernierRebecca,f
Sixtine,Sixtine33,f
Amira,Amira76,f
Imane,Imane83,f
Axelle,Axelle88,f
Naomie,Naomie7,f
Eléa,Elea19,f
Carmen,DarkCarmen,f
Maïmouna,Maimouna43,f
Sonia,Sonia50,f
Aaliyah,Aaliyah77,f
Olympe,Olympe98,f
Théa,Thea47,f
Leïla,Leila0,f
Astrid,Astrid64,f
Joyce,Joyce84,f
Laure,Laure6,f
Cléo,MasterCleo,f
Maud,Maud75,f
Elissa,Elissa39,f
Hanaé,Hanae49,f
Linda,Linda73,f
Candice,Candice50,f
Melissa,Melissa66,f
Tali,Tali88,f
Elly,Elly77,f
Gaïa,Gaia10,f
Rahma,Rahma46,f
Assa,Assa90,f
Lital,Lital93,f
Gabriella,Gabriella20,f
Marilou,Marilou75,f
June,June81,f
Line,Line95,f
Melina,MasterMelina,f
Lylia,Lylia17,f
Amalia,Amalia28,f
Lucy,Lucy53,f
Laetitia,Laetitia64,f
Isabelle,Isabelle98,f
Isaure,BadassIsaure,f
Jean,CarotteJean,m
Jeremy,Jeremy83,m
Jessica,Jessica24,f
Joachim,Joachim51,m
Joana,Joana52,f
Jonas,Jonas31,m
Josephine,Josephine8,f
Josue,Josue80,m
Judith,Judith13,f
Julia,Julia68,f
Juliana,Juliana54,f
Juliette,Juliette83,f
Kacper,Kacper20,m
Kadiatou,Kadiatou39,f
Kenzo,DarkKenzo,m
Kiara,Kiara63,f
Laszlo,Laszlo45,m
Lauriane,Lauriane65,f
Lea,Lea5,f
Leandre,Leandre68,m
Leane,Leane84,f
Lenny,CarotteLenny,m
Leonard,Leonard34,m
Liam,Liam30,m
Lilian,Lilian27,m
Lilya,Lilya97,f
Lina,Lina3,f
Lindsay,Lindsay9,f
Lino,Lino74,m
Logan,Logan58,m
Lola,Lola99,f
Lou,Lou55,m
Louise,Louise67,f
Lucas,Lucas37,m
Ludivine,Ludivine7,f
Ludmila,BadassLudmila,f
Maceo,BadassMaceo,m
Maeva,Maeva0,f
Mahault,Mahault21,f
Margot,Margot14,f
Marie-Lou,TarteMarie-Lou,f
Marwa,LeVraiMarwa,f
Mathis,Mathis44,m
Matteo,Matteo39,m
Maximilien,Maximilien27,m
Mayssa,Mayssa15,f
Melvin,LePetitMelvin,m
Milena,Milena27,f
Milla,Milla15,f
Mouhamed,Mouhamed67,m
Naëlle,Naelle6,f
Naïma,Naima79,f
Naya,Naya30,f
Nell,Nell44,f
Neo,Neo56,m
Nesrine,Nesrine93,f
Nikola,Nikola43,m
Nil,Nil98,m
Nine,Nine57,f
Nino,Nino98,m
Ninon,Ninon97,f
Nora,Nora57,f
Nouha,Nouha34,m
Orlane,Orlane90,f
Paolo,Paolo65,m
Paula,Paula29,f
Penelope,Penelope79,f
Philomène,Philomene65,f
Quitterie,Quitterie52,f
Rayane,Rayane64,m
Remi,Remi49,m
Rokia,MaitreRokia,f
Rose,LeVraiRose,f
Ryan,Ryan15,m
Sam,Sam53,m
Sami,MasterSami,m
Satine,Satine23,f
Sean,Sean72,m
Sherine,Sherine48,f
Sirine,Sirine68,f
Souleymane,Souleymane0,m
Swann,Swann74,m
Taïna,Taina68,f
Rim,Rim94,f
Rodrigue,Rodrigue99,m
Romane,Romane63,f
Romeo,Romeo18,m
Rosalie,Rosalie16,f
Sabri,BadassSabri,m
Sacha,Sacha12,m
Saïd,Said29,m
Salim,Salim43,m
Samba,Samba94,m
Sana,Sana21,f
Sasha,Sasha71,f
Sekou,Sekou0,m
Selma,Selma22,f
Serena,Serena33,f
Solveig,Solveig32,f
Steven,Steven25,m
Syrine,Syrine70,f
Tara,Tara47,f
Tatiana,Tatiana29,f
Terence,Terence99,m
Thea,Thea18,f
Thibault,Thibault47,m
Thibaut,Thibaut89,m
Tiffany,Tiffany64,f
Tiphaine,Tiphaine23,f
Vincent,Vincent81,m
Violette,Violette15,f
Virginie,Virginie88,f
Wilfried,Wilfried45,m
William,William26,m
Wilson,Wilson1,m
Yacine,Yacine73,m
Yann,Yann86,m
Yaron,CarotteYaron,m
Yona,Yona45,f
Yousra,Yousra62,f
Abigaël,Abigael18,f
Achille,Achille32,m
Adrien,Adrien8,m
Aïssata,Aissata57,f
Albane,Albane79,f
Albert,Albert90,m
Alec,Alec90,m
Alexia,Alexia41,f
Aline,Aline75,f
Alissa,LePetitAlissa,f
Amandine,Amandine74,f
Ambre,Ambre13,f
Anaelle,Anaelle8,f
Ange,Ange88,m
Anton,Anton89,m
Antonin,Antonin97,m
Antony,Antony46,m
Armand,Armand45,m
Arthus,Arthus44,m
Augustin,Augustin19,m
Ben,Ben70,m
Bertille,Bertille24,f
Bilal,Bilal0,m
Blanche,Blanche91,f
Boris,Boris79,m
Calvin,Calvin22,m
Camil,Camil30,m
Catherine,Catherine23,f
Cecile,Cecile63,f
Cedric,Cedric33,m
Christophe,Christophe98,m
Clarisse,Clarisse61,f
Cloe,Cloe61,f
Clovis,Clovis10,m
Cyrielle,Cyrielle91,f
Cyril,Cyril88,m
Daniel,Daniel10,m
Daouda,MaitreDaouda,m
David,David86,m
Deborah,Deborah73,f
Edgar,Edgar53,m
Elie,Elie81,m
Elijah,Elijah77,m
Elyes,Elyes97,m
Ema,Ema79,f
Emeline,Emeline29,f
Ilyès,Ilyes90,m
Iman,Iman74,f
Imen,Imen97,f
Imène,LeVraiImene,f
Inès,Ines84,f
Irène,Irene77,f
Irina,Irina99,f
Jarod,Jarod33,m
BenoÃ®t,BenoA®t26,m
Camelia,Camelia61,f
Cassandra,Cassandra14,f
Celeste,Celeste64,f
Chaïma,DarkChaima,f
Charlotte,Charlotte87,f
Chelsea,Chelsea43,f
Chirine,Chirine50,f
Christina,Christina25,f
Cindy,Cindy44,f
Cleophee,Cleophee41,f
Abdoulaye,Abdoulaye69,m
Abel,Abel65,m
Adel,Adel99,m
Adem,Adem47,m
Adriana,Adriana21,f
Alassane,Alassane35,m
Amani,Amani68,f
Amin,Amin91,m
Andreas,Andreas16,m
Angela,Angela76,f
Anselme,LeVraiAnselme,m
Athenaïs,Athenais51,f
Bastian,Bastian53,m
Bastien,Bastien85,m
Cameron,Cameron53,m
Cecilia,MaitreCecilia,f
Celia,Celia33,f
Celina,Celina71,f
Chloe,Chloe30,f
Christopher,Christopher41,m
Claire,Claire2,f
Clemence,Clemence77,f
Corentin,Corentin87,m
Cyrian,Cyrian90,m
Djeneba,Djeneba51,f
Dorian,Dorian31,m
Dune,MaitreDune,f
Ela,Ela20,f
Eleanor,Eleanor3,f
Elias,Elias94,m
Eline,Eline9,f
Elvire,GentilElvire,f
Elyssa,Elyssa19,f
Estelle,Estelle7,f
Etienne,Tinou42,m
Eugène,Eugene65,m
Eugenie,Eugenie84,f
Eva,Eva10,f
Fantine,Fantine77,f
Fleur,Fleur48,f
François,Francois69,m
Gianni,Gianni12,m
Éléonore,Eleonore28,f
Julie,Julie17,f
Faustine,Faustine14,f
Alya,Alya25,f
Jasmine,Jasmine44,f
Paloma,Paloma21,f
Perle,Perle65,f
Tina,Tina11,f
Wendy,Wendy77,f
Joakim,Joakim75,m
Abdou,Abdou14,m
Tidiane,Tidiane73,m
Yazid,Yazid71,m
Selim,Selim35,m
Hélio,Helio26,m
Richard,Richard51,m
Mickaël,Mika712,m
Mory,Mory22,m
Tahar,Tahar98,m
Emil,Emil95,m
Joris,Joris60,m
Muhammed,Muhammed31,m
Baudouin,Baudouin32,m
Louison,Louison25,f
Matias,Matias55,m
Haron,Haron86,m
Adriano,Adriano57,m
Flavien,GentilFlavien,m
Lohan,Lohan9,m
Ely,Ely62,m
Aurel,Aurel17,m
Fodé,Fode62,m
Ron,Ron17,m
Téo,Teo78,m
Eytan,Eytan22,m
Nathanael,Nathanael51,m
Roch,Roch31,m
Kiyan,LeDernierKiyan,m
Sixte,Sixte36,m
Leny,Leny83,m
Alpha,Alpha16,m
Raphaël,Raphael10,m
Victor,Victor11,m
Martin,Martin75,m
Hugo,Hugo22,m
Rayan,Rayan18,m
Simon,Simon6,m
Enzo,Enzo31,m
Léonard,Leonard17,m
Félix,Felix97,m
Noam,Noam0,m
Rafael,Rafael45,m
Solal,Solal7,m
César,Cesar29,m
Noham,CarotteNoham,m
Tristan,Tristan25,m
Hamza,Hamza10,m
Emmanuel,Emmanuel64,m
Luca,Luca91,m
Malo,Malo46,m
Léopold,BadassLeopold,m
Marin,Marin28,m
Émile,Emile50,m
Issa,LePetitIssa,m
Jad,Jad59,m
Omar,Omar59,m
Jacques,Jacques50,m
Timéo,Timeo37,m
Youssouf,Youssouf89,m
Gaston,Gaston71,m
Mohammed,Mohammed47,m
Yassine,Yassine34,m
Owen,Owen17,m
Balthazar,Balthazar39,m
Emile,Emile49,m
Ismaïl,Ismail92,m
Séréna,Serena41,f
Lucia,Lucia86,f
Aude,Aude56,f
Simone,MasterSimone,f
Kimberly,Kimberly48,f
Hind,Hind87,f
Rosa,Rosa68,f
Neyla,Neyla11,f
Fatimata,Fatimata1,f
Tesnim,Tesnim68,f
Johanne,Johanne36,f
Carolina,Carolina57,f
Maé,Mae72,f
Ilana,Ilana37,f
Nelia,Nelia52,f
Haby,Haby81,f
Seynabou,Seynabou3,f
Mai,Mai94,f
Kawtar,Kawtar26,f
Odélia,Odelia14,f
Delia,Delia29,f
Divine,Divine24,f
Andrea,Andrea17,f
Leonor,Leonor45,f
Ophélie,Ophelie81,f
Aïsha,Aisha72,f
Lilwenn,Lilwenn29,f
Auriane,Auriane39,f
Kate,Kate94,f
Olga,Olga63,f
Noha,Noha28,m
Rébecca,Rebecca13,f
Anne,Anne3,f
Mélinda,Melinda67,f
Erin,Erin66,f
Mayane,Mayane25,f
Rana,Rana40,f
Charlize,CarotteCharlize,f
Abigail,Abigail60,f
Noélie,Noelie88,f
Paul,Paul82,m
Mohamed,Mohamed50,m
Maxime,Maxime14,f
Jules,Jules34,m
Thomas,Thomas49,m
Noah,Noah85,f
Léon,Leon91,m
Timothée,Timothee70,m
Basile,Basile19,m
Naël,Nael82,m
Quentin,Quentin95,m
Hector,Hector32,m
Maël,Mael93,m
Théodore,Theodore48,m
Moussa,Moussa13,m
Youssef,Youssef36,m
Gustave,Gustave62,m
Ali,Ali54,m
Marceau,Marceau15,m
Nael,Nael39,m
Mamadou,Mamadou44,m
Nassim,Nassim58,m
Naïm,Naim0,m
Titouan,Titouan17,m
Ilyas,Ilyas42,m
Kylian,Kylian56,m
Rémi,MasterRemi,m
Timothé,Timothe72,m
Mahamadou,Mahamadou5,m
Mohammad,Mohammad64,m
Alan,Alan94,m
Chahine,Chahine65,m
Vladimir,Vladimir89,m
Tess,BadassTess,f
Tessa,Tessa4,f
Thibaud,Thibaud21,m
Timothe,Timothe81,m
Vanessa,Vanessa90,f
Vianney,Vianney26,m
Wandrille,Wandrille91,m
Yasmine,Yasmine64,f
Yoël,Yoel45,m
Yves,Yves12,m
Aboubacar,Aboubacar24,m
Alain,Alain34,m
Alba,Alba14,f
Alfred,Alfred96,m
Amar,Amar49,m
Amelie,Amelie30,f
Amy,Amy5,f
Anaëlle,Anaelle94,f
Anas,CarotteAnas,m
Angelina,Angelina83,f
Anis,Anis12,m
Anouk,Anouk69,f
Armance,Armance13,f
Arno,Arno71,m
Ayoub,Ayoub43,m
Berenice,Berenice36,f
Bintou,Bintou29,f
Carlotta,Carlotta29,f
Celestine,Celestine48,f
Charles,Charles75,m
Colette,Colette5,f
Coumba,Coumba44,f
Daphne,Daphne47,f
Elisabeth,Elisabeth86,f
Elodie,DolElo,f
Anatole,Anatole16,m
Apolline,Apolline84,f
Audrey,Audrey86,f
Aurore,Aurore53,f
Baya,GentilBaya,f
Blandine,Blandine74,f
Boubacar,Boubacar34,m
Carla,Carla46,f
Caroline,Caroline46,f
Emily,Emily99,f
Emmy,Emmy20,f
Enguerrand,Enguerrand74,m
Eulalie,Eulalie49,f
Evan,Evan22,m
Eyal,Eyal74,m
Fanny,Fanny70,f
Fatoumata,Fatoumata67,f
Ferdinand,Ferdinand7,m
Flavie,Flavie87,f
Frederic,MaitreFrederic,m
Gabriel,Gabriel92,m
Gaëlle,Gaelle11,f
Gaspard,Gaspard21,m
Hanna,Hanna40,f
Harry,Harry36,m
Hawa,Hawa34,f
Hortense,Hortense40,f
Iris,Iris79,f
Jeanne,Jeanne6,f
Valentina,Valentina27,f
Yohann,Yohann74,m
Yuna,Yuna15,f
Yvan,Yvan31,m
Mathys,Mathys61,m
Matthew,Matthew11,m
Matthias,Matthias11,m
Melchior,SuperMelchior,m
Michel,Michel21,m
Mohamed-Amine,Mohamed-Amine71,m
Morgane,Morgane59,f
Natasha,Natasha3,f
Nicolas,Nicolas78,m
Noe,Noe90,m
Nolan,Nolan68,m
Nour,Nour60,f
Ombeline,Ombeline67,f
Ophelie,Ophelie46,f
Oumou,Oumou14,f
Ousmane,Ousmane74,m
Patrick,LeDernierPatrick,m
Perrine,Perrine50,f
Pierre,Pierre68,m
Prune,LePetitPrune,f
Rami,Rami63,m
Rivka,Rivka91,f
Riyad,Riyad70,m
Robinson,Robinson8,m
Rudy,Rudy11,m
Safa,Safa91,f
Salma,Salma96,f
Sienna,Sienna63,f
Solène,Solene65,f
Stephane,Stephane44,m
Stephanie,Stephanie74,f
Tania,Tania57,f
Theophane,Theophane48,m
Timeo,Timeo74,m
Abdoul,Abdoul59,m
Hanae,MasterHanae,f
Hannah,Hannah27,f
Helena,Helena81,f
Ilian,Ilian12,m
Ilies,Ilies87,m
Ilona,Ilona85,f
Ismaël,Ismael52,m
James,BadassJames,m
Jenna,Jenna55,f
Jerôme,Jerome90,m
Jibril,Jibril99,m
Joël,Joel94,m
Johanna,Johanna6,f
Kaïs,Kais49,m
Karim,Karim73,m
Kelvin,Kelvin18,m
Kenza,Kenza56,f
Lana,Lana20,f
Lena,Lena45,f
Leonore,Leonore52,f
Liana,Liana19,f
Lily,Lily44,f
Luce,Luce15,f
Lucie,Lucie56,f
Lucile,Lucile22,f
Ludovic,Lodu,m
Lya,Lya6,f
Mael,Mael31,m
Maëlis,Maelis19,f
Maïlys,Mailys92,f
Malak,Malak16,f
Malick,Malick30,m
Manel,Manel39,f
Margo,Margo82,f
Marvin,Marvin53,m
Marylou,Marylou62,f
Mathieu,Mathieu3,m
Max,Max84,m
Maxence,Maxence8,m
Mickael,Mickael12,m
Milan,Milan57,m
Nadia,Nadia61,f
Naomi,Naomi60,f
Neil,MasterNeil,m
Noelie,Noelie8,f
Philippine,Philippine77,f
Ranya,Ranya70,f
Roy,Roy31,m
Sabrina,Sabrina84,f
Samia,Samia46,f
Shaï,Shai65,m
Shanon,Shanon66,f
Shawn,Shawn74,m
Rafaël,Rafael32,m
Raphael,Raphael48,m
Aymen,Aymen65,m
Gaël,Gael14,m
Mahé,Mahe27,m
Iyad,Iyad41,m
Leo,Leo4,m
Florian,Florian88,m
Clémentine,Clementine42,f
Louna,Louna11,f
Nélia,Nelia7,f
Aliénor,Alienor35,f
Ellie,Ellie51,f
Mahaut,Mahaut18,f
Mina,Mina37,f
Émilie,GentilEmilie,f
Océane,Oceane19,f
Augustine,Augustine28,f
Noor,DarkNoor,f
Izia,Izia18,f
Lahna,Lahna39,f
Aïda,Aida31,f
Nola,DarkNola,f
Norah,Norah21,f
Alyssa,Alyssa22,f
Amélia,Amelia1,f
Billie,Billie74,f
Emmanuelle,Emmanuelle1,f
Lili,Lili84,f
Maylis,Maylis11,f
Antonia,Antonia95,f
Koumba,Koumba80,f
Lyne,Lyne40,f
Nelya,Nelya0,f
Ysée,Ysee61,f
Anissa,Anissa14,f
Anita,Anita89,f
Khadidja,Khadidja30,f
Marina,Marina58,f
Sidonie,Sidonie88,f
Calie,Calie40,f
Georgia,GentilGeorgia,f
Lilas,Lilas74,f
Méline,Meline72,f
Mira,Mira68,f
Yara,Yara82,f
Emilia,Emilia52,f
Gloria,MaitreGloria,f
Léonor,Leonor5,f
Lily-Rose,Lily-Rose5,f
Ora,Ora14,f
Tamara,Tamara73,f
Alyah,Alyah35,f
Christine,Christine80,f
Eléna,Elena43,f
Eliza,Eliza24,f
Israa,Israa74,f
Leïna,Leina50,f
Jean-Baptiste,Jean-Baptiste48,m
Aydan,Aydan57,m
Marwane,Marwane90,m
Nathaniel,Nathaniel85,m
Pierre-Louis,Pierre-Louis38,m
Nolhan,Nolhan79,m
Killian,Killian8,m
Wissem,Wissem72,m
Ugo,Ugo4,m
Liham,Liham57,m
Adame,Adame1,m
Hocine,Hocine70,m
Arslane,Arslane36,m
Aïden,Aiden32,m
Marc-Antoine,Marc-Antoine30,m
El,LeDernierEl,m
Nabil,BadassNabil,m
Laurent,Lau,m
Luis,Luis61,m
Joseph,Joseph50,m
Léo,Leo23,m
Axel,Axel41,m
Milo,Milo95,m
Hadrien,GentilHadrien,m
Imran,Imran33,m
Matthieu,Matt51,m
Georges,Georges26,m
Aurélien,Aurel57,m
Roman,Roman0,m
Amadou,Amadou92,m
Zacharie,Zacharie35,m
Luka,Luka45,m
André,Andre87,m
Dylan,MaitreDylan,m
Jonathan,Jonathan76,m
Ezra,Ezra79,m
Oumar,Oumar82,m
Étienne,Etienne53,m
Virgile,Virgile24,m
Wael,Wael35,m
Youcef,Youcef99,m
Léandre,Leandre38,m
Loïc,Lolo,m
Jaden,Jaden34,m
Aymeric,Aymeric67,m
Haroun,Haroun20,m
Fares,Fares73,m
Marwan,Marwan3,m
Moustapha,Moustapha25,m
Eric,CarotteEric,m
Tony,Tony90,m
Christian,Christian71,m
Clarence,Clarence5,m
Colin,Colin53,m
Curtis,Curtis76,m
Cyrine,Cyrine2,f
Dana,Dana91,f
Daphnee,Daphnee8,f
Diane,MaitreDiane,f
Diego,Diego2,m
Elyas,Elyas99,m
Emir,Emir29,m
Emmie,Emmie38,f
Evann,Evann22,m
Fanta,LeVraiFanta,f
Fatim,Fatim96,f
Fiona,Fiona73,f
Goundo,Goundo87,f
Halima,Halima98,f
Ilyan,Ilyan95,m
Jihane,Jihane84,f
Joey,DarkJoey,f
Julien,Julien49,m
Justine,Justine93,f
Kahina,Kahina19,f
Karamba,Karamba42,m
Karl,Karl7,m
Kyllian,Kyllian58,m
Lassana,Lassana32,m
Leonie,Leonie3,f
Leyna,Leyna76,f
Lila,Lila31,f
Liora,Liora40,f
Lison,Lison95,f
Liza,Liza99,f
Lou-Anne,Lou-Anne49,f
Lucille,Lucille71,f
Lydia,Lydia69,f
Maëlle,Maelle65,f
Maelys,Maelys14,f
Maksim,Maksim78,m
Adelaïde,Adelaide20,f
Aimee,Aimee13,f
Alex,Alex34,m
Alizee,Alizee72,f
Allan,Allan31,m
Amina,Amina39,f
Andre,MaitreAndre,m
Ariel,Ariel3,m
Aurelie,Aurelie33,f
Barbara,Barbara70,f
Benedicte,Benedicte53,f
Celestin,Celestin97,m
Celian,Celian67,m
Cesar,LeVraiCesar,m
Charlène,Charlene11,f
Chris,Chris35,m
Clelia,Clelia78,f
Cleo,Cleo5,f
Clothilde,Clothilde16,f
Côme,Come48,m
Danae,Danae98,f
Daniela,Daniela39,f
Djibril,Djibril28,m
Elio,Elio16,m
Emilie,Emilie19,f
Erwan,Erwan64,m
Ewan,Ewan92,m
Felix,Felix59,m
Flore,SuperFlore,f
Floriane,Floriane19,f
Gaëtan,Gaetan76,m
Giovanni,Giovanni41,m
Hermine,Hermine79,f
Iliana,Iliana49,f
Ilias,Ilias56,m
Ilyes,Ilyes88,m
Talia,Talia92,f
Tim,Tim12,m
Toscane,Toscane69,f
Wassim,Wassim32,m
GrÃ¢ce,BadassGrA¢ce,f
Adja,DarkAdja,f
Aïdan,Aidan92,m
Aksel,Aksel28,m
Alexandre,Alexandre92,m
Aliyah,Aliyah41,f
Ambroise,Ambroise5,m
Amine,Amine14,m
Andrew,Andrew74,m
Anouck,LePetitAnouck,f
Antonio,Antonio48,m
Ariane,Ariane59,f
Aristide,Aristide78,m
Badis,Badis7,m
Binta,Binta75,f
Camila,Camila87,f
Celine,Celine85,f
Charly,Charly59,m
Chiara,Chiara37,f
Clotilde,Clotilde89,f
Coralie,MaitreCoralie,f
Dan,Dan21,m
Elina,Elina89,f
Emma,Emma18,f
Emna,Emna49,f
Farah,Farah40,f
Flora,Flora71,f
Gregoire,Gregoire32,m
Liel,Liel59,f
Manuela,Manuela72,f
Maxine,BadassMaxine,f
May,May55,f
Meriam,Meriam18,f
Sofya,Sofya26,f
Sylvie,Sylvie52,f
Talya,Talya66,f
Théodora,Theodora27,f
Zoë,Zoe42,f
Arwa,Arwa65,f
Assiya,Assiya43,f
Aure,Aure24,f
Cécile,Cecile3,f
Chaima,Chaima55,f
Eya,Eya1,f
Ilina,Ilina29,f
Isée,Isee91,f
Katia,Katia13,f
Laurine,Laurine73,f
Léona,Leona83,f
Maissa,Maissa85,f
Ortal,Ortal62,f
Marius,Marius71,m
Lucien,Lucien91,m
Ulysse,TarteUlysse,m
Tom,Tom41,m
Mehdi,Mehdi14,m
Stanislas,LePetitStanislas,m
Grégoire,Gregoire45,m
Kevin,Kevin52,m
Soan,Soan3,m
Hayden,Hayden70,m
Issam,Issam71,m
Matéo,LeDernierMateo,m
Mayeul,Mayeul99,m
Saul,Saul30,m
Jordan,GentilJordan,m
Jason,Jason73,m
Yahya,Yahya52,m
Leonardo,Leonardo48,m
Skander,Skander67,m
Lysandre,Lysandre11,m
Marlon,Marlon89,m
Maxim,Maxim14,m
Aboubakar,LeDernierAboubakar,m
Jérémie,Jeremie53,m
Harouna,Harouna46,m
Carl,Carl68,m
Oren,Oren34,m
Matisse,Matisse27,m
Aden,Aden14,m
Emilien,Emilien30,m
Aymane,Aymane11,m
Kelyan,Kelyan34,m
Mohamed-Lamine,Mohamed-Lamine54,m
Souleyman,Souleyman47,m
Yasin,Yasin22,m
Ramy,Ramy17,m
Silas,Silas75,m
Antoni,Antoni71,m
Orso,Orso72,m
Ishak,Ishak75,m
Ezio,Ezio3,m
Lyes,Lyes27,m
Filip,Filip27,m
Albéric,Alberic54,m
Térence,Terence91,m
Luke,Luke57,m
Reda,Reda37,m
Giulio,Giulio4,m
Elone,Elone36,m
Alexander,Alexander7,m
Camille,Camille9,f
Jade,Jade8,f
Gabrielle,Gabrielle23,f
Elsa,Elsa54,f
Léna,Lena36,f
Daphné,Daphne17,f
Maria,Maria83,f
Élise,Elise6,f
Mya,Mya81,f
Maïa,Maia28,f
Adélaïde,Adelaide6,f
Louisa,Louisa94,f
Marine,Marine67,f
Marko,SuperMarko,m
Marouane,Marouane68,m
Melanie,Melanie92,f
Mia,Mia53,f
Moïra,Moira13,f
Nahel,Nahel48,m
Nils,Nils58,m
Gaetan,Gaetan53,m
Garance,Garance11,f
Guillaume,Guillaume48,m
Hadja,Hadja98,f
Hajar,Hajar54,f
Hillel,Hillel59,m
Ilyane,Ilyane96,m
Inaya,Inaya94,f
Ismael,Ismael81,m
Joe,Joe87,m
Johann,Johann85,m
Juan,Juan24,m
Kadidia,Kadidia7,f
Kamil,Kamil11,m
Kayla,Kayla2,f
Kenan,Kenan61,m
Keyla,Keyla98,f
Khalil,Khalil90,m
Kim,Kim9,f
Lara,Lara31,f
Leandro,Leandro95,m
Abd,Abd76,m
Adama,Adama62,f
Adil,MaitreAdil,m
Aidan,Aidan40,m
Aiden,Aiden96,m
Akram,Akram13,m
Alia,Alia57,f
Alistair,Alistair32,m
Aloys,Aloys3,m
Ambrine,Ambrine33,f
Jalil,LePetitJalil,m
Jana,Jana72,f
Jawad,Jawad24,m
Jennifer,Jennifer79,f
Joan,Joan32,m
Julian,LeDernierJulian,m
Justin,Justin50,m
Kadidiatou,Kadidiatou23,f
Kaïna,Kaina18,f
Kamila,Kamila78,f
Karolina,Karolina86,f
Katell,Katell16,f
Kelly,Kelly6,f
Keren,LePetitKeren,f
Ketsia,Ketsia5,f
Lamine,LeDernierLamine,m
Laurène,Laurene74,f
Leopold,Leopold21,m
Leopoldine,Leopoldine33,f
Lia,Lia47,f
Lilia,Lilia93,f
Lilly,Lilly39,f
Lior,Lior48,m
Liv,Liv6,f
Lorenzo,Lorenzo77,m
Louka,Louka39,m
Loup,Loup96,m
Luigi,Luigi5,m
Maëlys,Maelys57,f
Maïssa,Maissa87,f
Malek,Malek22,m
Malik,Malik85,m
Manelle,Manelle25,f
Manon,Manon60,f
Marthe,Marthe98,f
Matheo,Matheo20,m
Melodie,Melodie53,f
Merwan,Merwan85,m
Mona,Mona77,f
Naïs,Nais31,f
Nathanaël,Nathanael86,m
Nelson,Nelson82,m
Olivia,Olivia26,f
Ornella,Ornella35,f
Patricia,Patricia70,f
Prisca,Prisca79,f
Remy,Remy53,m
Hippolyte,DarkHippolyte,m
Hubert,Hubert68,m
Ibrahima,Ibrahima65,m
Ilhan,Ilhan49,m
Inës,Ines89,f
Neela,Neela87,f
Nicole,Nicole34,f
Nikita,TarteNikita,m
Noemie,Noemie55,f
Octave,Octave31,m
Pablo,Pablo84,m
Philemon,Philemon94,m
Philippe,Philippe90,m
Romain,DarkRomain,m
Sabrine,Sabrine73,f
Salome,Salome71,f
Sandro,Sandro58,m
Sara,Sara24,f
Sebastian,Sebastian78,m
Sebastien,Sebastien28,m
Soline,Soline76,f
Stella,Stella3,f
Theo,Theo78,m
Xavier,Xavier67,m
Younes,Younes75,m
Younès,Younes12,m
Youri,Youri5,m
Zakarya,Zakarya48,m
Jan,Jan77,m
Jeremie,Jerem3,m
Johan,Johan4,m
Kathleen,Kathleen43,f
Kilyan,Kilyan41,m
Viktor,Viktor11,m
Walid,Walid30,m
Jude,Jude62,m
Constant,Constant72,m
Aly,Aly67,m
Andréa,Andrea8,f
Elon,Elon81,m
Josh,Josh97,m
Zakariya,GentilZak,m
Eli,Eli41,m
Emilio,Emilio50,m
Loris,SuperLoris,m
Rahim,Rahim78,m
Yani,Yani28,m
Ylan,Ylan35,m
Zayn,Zayn26,m
Aedan,Aedan93,m
Édouard,Doudou,m
Giulian,Giulian6,m
Amjad,Amjad69,m
Colomban,Colomban71,m
Gaspar,Gaspar77,m
Jed,Jed68,m
Mathurin,Mathurin29,m
Nizar,Nizar76,m
Sahel,Sahel75,m
Zéphyr,Zephyr87,m
Salomé,Salome60,f
Mariam,Mariam80,f
Alexandra,Alex12,f
Célestine,Celestine13,f
Céline,Celine52,f
Nayla,Nayla57,f
Eugénie,Eugenie84,f
Léana,Leana44,f
Rita,Rita43,f
Grace,Grace46,f
Jennah,Jennah35,f
Léane,Leane26,f
Neïla,Neila1,f
Haya,Haya74,f
Solange,Solange35,f
Ernestine,Ernestine72,f
Ritej,Ritej84,f
Cléa,Clea55,f
Ève,LeVraiEve,f
Hiba,Hiba80,f
Marnie,Marnie75,f
Isadora,Isadora28,f
Dalya,Dalya79,f
Oriane,Oriane5,f
Noura,Noura18,f
Anes,LeVraiAnes,m
Hidaya,Hidaya51,f
Tanya,Tanya65,f
Bella,Bella60,f
Siham,Siham30,f
Bonnie,Bonnie95,f
Antoine,Antoine10,m
Noé,Noe58,m
Théo,Theo24,m
Robin,Robin8,m
Angel,Angel61,m
Ania,Ania10,f
Arielle,MasterArielle,f
Asia,Asia56,f
Avril,Avril16,f
Aylin,Aylin32,f
Barthelemy,Bart39,m
Dani,Dani33,m
Dayane,Dayane74,m
Eleanore,Eleo61,f
Eloïse,Elo19,f
Ethan,Ethan6,m
Fatou,Fatou80,f
Franklin,DarkFranklin,m
Lisa,Lisa7,f
Lise,Lise77,f
Lyna,Lyna82,f
Mae,LePetitMae,f
Maëva,Mae66,f
Romy,Romy79,f
Ronan,Ronan80,m
Ruben,Ruby79,m
Ryad,Ryad57,m
Shana,Shana52,f
Simeon,Simeon50,m
Thierry,Thierry41,m
Yoann,Yoann45,m
Zachary,Zachary61,m
Abdelkader,Abdelkader11,m
Agnès,Agnes54,f
Anae,Anae94,f
Annabelle,Annabelle0,f
Anne-Laure,AL61,f
Beatrice,BeaDu92,f
Bilel,Bilel64,m
Brice,Brice92,m
Claudia,Claudia95,f
Clea,Clea65,f
Clement,Clement35,m
Demba,Demba54,m
Doriane,Doriane44,f
Lancelot,Lancelot26,m
Leana,Leana86,f
Louane,Louane61,f
Maïssane,Maissane37,f
Mariame,Mariame70,f
Mika,Mika73,m
Nahil,Nahil7,m
Hamed,Hamed72,m
Henry,Henry34,m
Isaac,Isaac93,m
Adèle,Adele8,f
Héloïse,Heloise34,f
Leila,Leila74,f
Leo-Paul,Leop29,m
Livio,Livio14,m
Liyah,Liyah9,f
Liz,Liz85,f
Éva,Eva9,f
Safiya,Safiya37,f
Coline,Coline32,f
Myla,Myla60,f
Miya,BadassMiya,f
Marianne,Marianne81,f
Élina,Elina73,f
Zeynab,Zeynab14,f
Mame,LeDernierMame,f
Sakina,Sakina5,f
Sandra,Sandra0,f
Abigaïl,Abigail93,f
Annaëlle,Annaelle89,f
Ciara,Ciara37,f
Karen,Karen39,f
Lyah,Lyah45,f
Lyse,Lyse91,f
Naïa,Naia85,f
Penda,Penda3,f
Aglaé,Aglae17,f
Alycia,Alycia89,f
Arya,Arya21,f
Hella,Hella55,f
Janelle,Janelle64,f
Leia,GentilLeia,f
Sia,Sia91,f
Tasnim,Tasnim0,f
Farès,Fares43,m
Roméo,Romeo97,m
Edouard,Doudou45,m
Elliott,Elliott52,m
Alessio,Alessio9,m
Soren,Soren74,m
Hassan,Hassan55,m
Tancrède,SuperTancrede,m
Pharell,Pharell31,m
Mahdi,Mahdi32,m
Cheick,MaitreCheick,m
Hédi,Hedi6,m
Éloi,LeVraiEloi,m
Warren,CarotteWarren,m
Yaya,Yaya99,m
Mamoudou,Mamoudou38,m
Denis,Denis56,m
Pape,Pape19,m
Arwen,Arwen36,f
Aurelien,Aurelien97,m
Avital,Avital85,f
Christelle,Christelle33,f
Magdalena,Magdalena40,f
Marguerite,Marguerite91,f
Mariama,Mariama4,f
Marjane,Marjane31,f
Alone,Alone27,m
Oscar,Oscar70,m
Perla,Perla70,f
Riad,Riad21,m
Samir,Samir62,m
Selyan,Selyan42,m
Shanna,Shanna48,f
Sidy,Sidy77,m
Sohan,Sohan50,m
Soumaya,Soumaya2,f
Teo,Teo42,m
Tiana,Tiana20,f
Tomas,Tomas37,m
Vadim,Vadim24,m
Ysee,Ysee44,f
Archibald,Archibald49,m
Aron,Aron41,m
Bradley,Bradley79,m
Louay,Louay24,m
Kenzy,Kenzy99,m
Saad,Saad17,m
Elian,CarotteElian,m
Isaiah,Isaiah95,m
Cyrus,Cyrus1,m
Seydou,Seydou35,m
Erine,Erine72,f
Felicie,Felicie47,f
Germain,Germain67,m
Isis,Isis76,f
Jack,Jack16,m
Jenny,Jenny10,f
Johnny,Johnny36,m
Karine,Karine0,f
Karla,Karla58,f
Khadija,Khadija52,f
Ladji,Ladji3,m
Loïs,Lois82,m
Lorraine,Lorraine24,f
Maïwenn,Maiwenn2,f
Malcolm,Malcolm82,m
Kamel,Kamel81,m
Lou-Ann,Lou-Ann28,f
Louis,Louis10,m
Lyam,Lyam76,m
Lyana,Lyana86,f
Maïly,Maily12,f
Marc,Marc51,m
Marley,GentilMarley,f
Meryam,Meryam37,f
Mikail,Mikail97,m
Mouctar,BadassMouctar,m
Nada,Nada46,f
Nahla,Nahla66,f
Olympia,Olympia92,f
Paola,Paola1,f
Sarra,Sarra93,f
Shaïly,Shaily9,f
Sibylle,CarotteSibylle,f
Siloe,Siloe10,f
Sofiane,Sofiane73,m
Tal,MasterTal,f
Mélissa,Melissa1,f
Pénélope,Penelope96,f
Hélène,Helene22,f
Aicha,Aicha86,f
Meriem,Meriem93,f
Amélie,SuperAmelie,f
Imrane,Imrane79,m
Junon,Junon24,f
Kady,Kady40,f
Lylou,Lylou86,f
Naïla,Naila2,f
Pacôme,LeDernierPacome,m
Pia,Pia74,f
Samuel,Samuel98,m
Samy,Samy6,m
Shayna,Shayna23,f
Yannick,Yannick91,m
Cynthia,TarteCynthia,f
Damian,Damian18,m
Daria,LeDernierDaria,f
Domitille,Domitille80,f
Edgard,Edgard29,m
Elior,Elior47,m
Eloane,Eloane11,f
Enola,Enola3,f
Fabio,Fabio38,m
Fatma,Fatma4,f
Firas,Firas13,m
Ian,Ian37,m
Ilyana,Ilyana75,f
Jayden,Jayden28,m
Kayna,Kayna86,f
Khady,Khady45,f
Lazar,Lazar36,m
Leanne,Leanne95,f
Thierno,Thierno54,m
Yaël,Yael86,f
Yasmina,Yasmina36,f
Ayaan,Ayaan68,m
Imad,Imad1,m
Ishaq,Ishaq5,m
Namory,Namory82,m
Cristiano,Cristiano8,m
Cyprien,Cyprien77,m
Adriel,Adriel93,m
Kenny,Kenny90,m
Benoît,Benoit98,m
Jamal,Jamal66,m
Wissam,Wissam1,f
Arthur,Arthur52,m
Nathan,Nathan99,m
Zakaria,Zakaria2,m
Aylan,Aylan37,m
Mathias,Mathias66,m
Marcus,Marcus71,m
Marco,Marco8,m
Iyed,DarkIyed,m
Allya,Allya11,f
Louann,Louann0,f
Angie,Angie79,f
Zoey,Zoey1,f
Mohamed-Ali,BadassMohamed-Ali,m
Leslie,Leslie66,f
Lirone,Lirone86,m
Manuel,MasterManuel,m
Matis,Matis81,m
Pierre-Antoine,LeDernierPierre-Antoine,m
Abderrahmane,Abderrahmane5,m
Amanda,Amanda66,f
Andrei,Andrei92,m
Beryl,Beryl63,f
Athénaïs,Athenais35,f
Éloïse,Elo31,f
Dania,Dania61,f
Marta,Marta86,f
Lyla,Lyla88,f
Naelle,Naelle93,f
Aissatou,Aissatou76,f
Nadine,Nadine79,f
Tasnime,Tasnime85,f
Léontine,Leontine3,f
Rym,Rym56,f
Abdallah,Abdallah86,m
Kévin,LePetitKevin,m
Célestin,Celestin96,m
Dario,Dario78,m
Edwin,Edwin73,m
Elora,Elora10,f
Julianne,Julianne25,f
Lounis,Lounis22,m
Marcel,Marcel67,m
Mathilda,Mathilda27,f
Melvyn,Melvyn27,m
Natacha,Natacha80,f
Adelie,Adelie21,f
Alienor,Alienor72,f
Amicie,Amicie99,f
Bianca,Bianca94,f
Anaël,Anael12,f
Ari,Ari0,m
Emi,Emi52,f
Joshua,Joshua56,m
Élie,Elie57,m
Rémy,Remy92,m
Milhan,Milhan72,m
Alphonse,DarkAlphonse,m
Thiago,Thiago44,m
Jimmy,Jimmy33,m
Giacomo,Giacomo94,m
Sinan,Sinan81,m
Waïl,Wail55,m
Zack,Zack7,m
Léa,Lea48,f
Léonie,CarotteLeonie,f
Chahinez,Chahinez27,f
Merlin,Merlin20,m
Nadir,Nadir1,m
Nawel,Nawel48,f
Saskia,Saskia28,f
Shany,Shany90,f
Sira,Sira12,f
Sylvain,Sylvain43,m
Zahra,Zahra94,f
Aliya,Aliya84,f
Eliel,Eliel42,m
Ziyad,Ziyad94,m
Tobias,Tobias96,m
Toma,Toma36,m
Tybalt,Tybalt8,m
Tymeo,Tymeo39,m
Zayd,Zayd42,m
Zeinab,Zeinab42,f
Célia,Celia56,f
Isra,Isra0,f
Roxanne,Roxanne44,f
Shaïma,Shaima24,f
Shaïna,Shaina26,f
Shani,Shani57,f
Shirel,Shirel99,f
Sidney,Sidney77,m
Sybille,Sybille4,f
Valerie,Valerie52,m
Yoav,Yoav34,m
Gauthier,Gauthier16,m
Idris,Idris92,m
Kayliah,Kayliah53,f
Kays,Kays71,m
Leelou,Leelou41,f
Linoï,Linoi74,f
Kyliann,BadassKyliann,m
Loïse,Loise92,f
Manar,Manar16,m
Meline,Meline8,f
Myrtille,Myrtille63,f
Otto,Otto87,m
Pascal,Pascal82,m
Paulin,Paulin49,m
Sadio,CarotteSadio,f
Sanaa,Sanaa17,f
Soraya,Soraya53,f
Lévi,Levi62,m
Aimé,Aime53,m
Gabriele,BadassGabriele,m
Maher,Maher90,m
Mario,Mario15,m
Blaise,Blaise45,m
Kurtis,Kurtis37,m
Mayas,LeDernierMayas,m
Idrissa,Idrissa96,m
Kyle,Kyle71,m
Lewis,Lewis52,m
Macéo,Maceo30,m
Massyl,Massyl76,m
Moulay,Moulay92,m
Prince,Prince31,m
Said,Said9,m
Shay,Shay96,m
Anaé,Anae43,f
Joy,Joy64,f
Charline,Charline47,f
Tahel,Tahel99,f
Artus,Artus33,m
Cerise,Cerise32,f
Francesca,Francesca67,f
Isidore,Isidore75,m
Athéna,Athena47,f
Cléophée,Cleophee78,f
Elizabeth,Elizabeth26,f
Malia,Malia92,f
Dahlia,Dahlia29,f
Gisèle,Gisele95,f
Shyrel,Shyrel19,f
Nelly,Nelly19,f
Basma,CarotteBasma,f
Evy,Evy32,f
Hatouma,LeVraiHatouma,f
Camilia,Camilia67,f
Zelda,Zelda29,f
Asmaa,MasterAsmaa,f
Meryem,Meryem32,f
Zara,Zara63,f
Natalia,Natalia84,f
Wiem,Wiem41,f
Ayla,Ayla97,f
Yosra,Yosra64,f
Faith,Faith67,f
Meryl,Meryl93,f
Mahe,Mahe80,m
Matt,Matt56,m
Maureen,Maureen65,f
Meïssa,Meissa59,f
Rania,Rania41,f
Stacy,Stacy13,f
Wiktoria,Wiktoria95,f
Habib,DarkHabib,m
Jane,Jane3,f
Joaquim,Joaquim67,m
Klara,Klara31,f
Willy,Willy63,m
Yse,Yse10,f
Zina,Zina41,f
Elona,Elona27,f
Eurydice,Eurydice98,f
Feriel,GentilFeriel,f
Mélia,Melia47,f
Ayah,Ayah30,f
Éline,Eline14,f
Félicie,CarotteFelicie,f
Inayah,Inayah95,f
Maëline,TarteMaeline,f
Maia,Maia15,f
Alina,Alina66,f
Imene,Imene35,f
Kelya,Kelya94,f
Layana,LeVraiLayana,f
Ruby,Ruby85,f
Saja,Saja71,f
Zayneb,CarotteZayneb,f
Adélie,Adelie14,f
Cassiopée,Cassiopee28,f
Kristina,Kristina69,f
Nourane,Nourane13,f
Razane,Razane81,f
Suzie,Suzie70,f
Valeria,Valeria59,f
Anne-Sophie,Anne-Sophie62,f
Aubin,Aubin99,m
Lubin,Lubin46,m
Madina,Madina11,f
Eddy,Eddy19,m
Eliette,Eliette77,f
Guillemette,Guillemette64,f
Hicham,Hicham61,m
Lamia,Lamia29,f
Lauren,Lauren34,f
Mathéo,Matheo89,m
Bakary,Bakary79,m
Raoul,Raoul92,m
Hélie,Helie18,m
Brahim,Brahim76,m
Josué,Josue61,m
Erwann,Erwann15,m
Zackary,Zackary87,m
Hamidou,Hamidou91,m
Cédric,Cedric1,m
Zinedine,Zinedine13,m
Maximilian,TarteMaximilian,m
Dayan,SuperDayan,m
Paul-Arthur,Paul-Arthur89,m
Youness,Youness63,m
Abdramane,Abdramane84,m
Andréas,Andreas6,m
Eduard,Eduard80,m
Arie,Arie37,m
Barnabe,Barnabe28,m
Aurelia,Aurelia54,f
Aziz,Aziz93,m
Christ,TarteChrist,m
Clelie,Clelie50,f
Elia,Elia16,f
Elyne,Elyne56,f
Ernest,Ernest27,m
Solenn,Solenn71,f
Stanley,Stanley17,m
Abdel,Abdel1,m
Alixe,SuperAlixe,f
Laëtitia,Laetitia83,f
Lauryn,Lauryn1,f
Levana,Levana77,f
Lynn,Lynn99,f
Matthis,Matthis79,m
Fatouma,Fatouma37,f
Gonzague,Gonzague45,m
Aby,Aby91,f
Clementine,Clementine9,f
Erika,Erika37,f
Liliana,Liliana71,f
Mahmoud,Mahmoud4,m
Mellina,Mellina1,f
Pierre-Alexandre,Pierre-Alexandre30,m
Shanice,Shanice13,f
Viviane,Viviane43,f
Ovadia,Ovadia81,m
Elhadj,Elhadj87,m
Edmond,Edmond3,m
Castille,Castille12,f
Cloé,Cloe45,f
Joanna,Joanna98,f
Aria,Aria20,f
Léopoldine,Leopoldine65,f
Tia,LePetitTia,f
Abigaëlle,Abigaelle36,f
Ayline,Ayline13,f
Layla,Layla38,f
Bouchra,Bouchra46,f
Mélanie,Melanie61,f
Deva,Deva38,f
Mélie,Melie87,f
Yaëlle,SuperYaelle,f
Mayar,Mayar57,f
Salima,LeDernierSalima,f
Assil,Assil44,m
Ayana,Ayana80,f
Aurélie,Aurelie26,f
Anya,Anya83,f
Arto,Arto24,m
Eliana,Eliana90,f
Phileas,MaitrePhileas,m
Ricardo,Ricardo93,m
Samantha,Samantha60,f
Santiago,Santiago72,m
Teddy,Teddy72,m
Adeline,Adeline21,f
Benoit,Benoit40,m
Betty,Betty73,f
Brandon,Brandon82,m
Loubna,Loubna80,f
Michelle,Michelle48,f
Miguel,Miguel37,m
Nazim,Nazim40,m
Oceane,Oceane32,f
Arié,LeVraiArie,m
Kimi,Kimi97,m
Kassim,Kassim51,m
Wassil,Wassil35,m
Éliott,Eliott96,m
Barnabé,GentilBarnabe,m
Fallou,Fallou5,m
Aharon,Aharon4,m
Salem,Salem60,m
Taha,Taha46,m
Iliane,Iliane7,m
Mattia,TarteMattia,m
Gautier,Gautier8,m
Éthan,Ethan0,m
Kader,Kader29,m
Khaled,Khaled40,m
Francesco,Francesco17,m
Frédéric,Frederic7,m
Islem,Islem4,m
Théophile,Theophile62,m
Gary,Gary57,m
Boubou,Boubou9,m
Cassiopee,Cassiopee56,f
Cyrille,Cyrille81,m
Foucauld,GentilFoucauld,m
Hafsa,Hafsa27,f
Helie,Helie45,m
Darine,Darine59,f
Dov,Dov20,m
Fadi,Fadi96,m
Feryel,Feryel41,f
Fode,LePetitFode,m
Gabriela,Gabriela13,f
Honore,Honore96,m
Ilyess,Ilyess43,m
Corto,Corto96,m
Cyriaque,Cyriaque97,m
Geoffrey,Geoffrey64,m
Guy,Guy9,m
Hakim,Hakim86,m
Ilyass,Ilyass12,m
Jean-Marc,DarkJean-Marc,m
Priscille,Priscille41,f
Ruth,Ruth7,f
Serge,LeDernierSerge,m
Nermine,Nermine76,f
Rawane,Rawane86,f
Selène,Selene57,f
Nahia,Nahia69,f
Sylia,Sylia8,f
Sokhna,Sokhna44,f
Fatima-Zahra,Fatima-Zahra5,f
Aïna,Aina60,f
Ayden,Ayden73,m
Naïl,Nail19,m
Amaël,Amael58,m
Amos,Amos98,m
Assetou,LeVraiAssetou,f
Astou,Astou38,f
Auxence,Auxence53,m
NoÃ¢m,NoA¢m20,m
Abraham,Abraham72,m
Angeline,Angeline77,f
Leticia,Leticia92,f
Mark,Mark24,m
Niame,Niame56,f
Ephraïm,Ephraim42,m
Habiba,Habiba62,f
Haroune,Haroune50,m
Hatem,Hatem34,m
Jessie,Jessie3,f
Karamoko,DarkKaramoko,m
Manal,Manal24,f
Tanguy,Tanguy57,m
Yanni,Yanni67,m
Coraline,Coraline24,f
Steve,LePetitSteve,m
Therèse,Therese4,f
Tommy,Tommy79,m
Yamina,Yamina34,f
Youmna,Youmna71,f
Sébastien,Sebastien45,m
Siméon,Simeon81,m
Hadriel,Hadriel10,m
Joanne,Joanne94,f
Lilie,Lilie44,f
Dalla,Dalla37,f
Darren,Darren53,m
Driss,Driss67,m
Gwenaëlle,DarkGwenaelle,f
Keira,Keira27,f
Leontine,GentilLeontine,f
Lili-Rose,Lili-Rose52,f
Louca,Louca57,m
Maelle,Maelle31,f
Maï,Mai12,f
Malika,Malika78,f
Mendel,LeDernierMendel,m
Moche,Moche64,m
Oliwia,Oliwia5,f
Ondine,Ondine33,f
Pol,Pol73,m
Ranim,Ranim29,f
Sally,Sally39,f
Selena,Selena22,f
Serine,Serine5,f
Sharon,Sharon8,f
Achraf,Achraf35,m
Eythan,LeVraiEythan,m
Flavia,Flavia39,f
Francis,LePetitFrancis,m
Helios,Helios26,m
Houda,Houda35,f
Iseult,Iseult38,f
Alexane,Alexane84,f
Isee,Isee53,f
Chayma,Chayma64,f
Eliahou,Eliahou85,m
Elif,Elif70,f
Marie-Ange,Marie-Ange6,f
Matys,Matys39,m
Samson,Samson47,m
Shayan,Shayan33,m
Shelly,Shelly93,f
Sihem,Sihem98,f
Stefan,Stefan10,m
Melody,Melody16,f
Menahem,BadassMenahem,m
Minh,Minh14,m
Monica,Monica2,f
Noan,Noan73,m
Nohan,TarteNohan,m
Nolann,Nolann67,m
Peter,Peter31,m
Shannon,Shannon52,f
Tea,Tea30,f
Tyron,TarteTyron,m
Yael,Yael30,f
Zacharia,Zacharia26,m
Zephyr,Zephyr33,m
Eloan,Eloan70,m
Eunice,Eunice32,f
Jawed,Jawed9,m
Khadidiatou,CarotteKhadidiatou,f
Bettina,Bettina16,f
Loula,Loula56,f
Maélis,Maelis61,f
Lehna,Lehna79,f
Leni,Leni26,f
Adib,Adib82,m
Alessia,Alessia75,f
Ayem,Ayem99,f
Bafode,MasterBafode,m
Cheick-Oumar,SuperCheick-Oumar,m
Emie,Emie86,f
Felicien,Felicien43,m
Bogdan,Bogdan89,m
Eduardo,Eduardo73,m
Ethann,Ethann79,m
Ewenn,GentilEwenn,m
Hasna,Hasna8,f
Inna,Inna42,f
Jinane,Jinane78,f
Ismail,Ismail12,m
Mike,Mike16,m
Odelia,Odelia62,f
Rohan,Rohan21,m
Mateja,Mateja72,m
Valentino,Valentino18,m
Dilan,Dilan81,m
Iwan,Iwan97,m
Jassem,Jassem26,m
Jim,Jim34,m
Maëlie,Maelie31,f
Maëlyne,LeVraiMaelyne,f
Anael,Anael60,f
Bahia,Bahia68,f
Ada,Ada88,f
Aliou,CarotteAliou,m
Melinda,Melinda0,f
Preston,Preston51,m
Sephora,Sephora13,f
Ramata,Ramata19,f
Scarlett,Scarlett74,f
Liya,Liya80,f
Séléna,Selena5,f
Samira,Samira93,f
Arda,Arda76,m
Aleksandar,Aleksandar27,m
Alon,Alon28,m
Dalia,Dalia27,f
Melia,Melia52,f
Niouma,Niouma43,f
Stan,Stan18,m
Elyès,Elyes39,m
Gwendoline,Gwendoline45,m
Haïm,Haim71,m
Israël,Israel65,m
Jayson,Jayson76,m
Iban,Iban76,m
Ariana,Ariana0,f
Elinor,Elinor20,f
Thanina,Thanina65,f
Tesnime,Tesnime84,f
Norhane,Norhane34,f
Yumi,Yumi36,f
Beya,Beya10,f
Jannah,Jannah49,f
Youna,Youna0,f
Mayline,Mayline52,f
Jill,Jill68,f
Layanah,Layanah52,f
Lisandro,MasterLisandro,m
Jassim,Jassim5,m
Célian,Celian45,m
Tsipora,Tsipora27,f
Vasco,Vasco54,m
Vera,Vera64,f
Idan,Idan76,m
Mody,Mody88,m
Oussama,Oussama13,m
Liliane,Liliane7,f
Lula,Lula67,f
Paco,Paco12,m
Taïs,Tais65,f
Victorien,Victorien73,m
Zuzanna,Zuzanna28,f
Yuri,Yuri42,m
Allegra,Allegra39,f
Alyssia,Alyssia32,f
Pedro,MaitrePedro,m
Prudence,Prudence55,f
Savannah,Savannah72,f
Tracy,Tracy15,f
Yoni,Yoni53,m
Scott,Scott81,m
Steeve,Steeve0,m
Sylvia,DarkSylvia,f
Virgil,Virgil0,m
Chanel,Chanel47,f
Fabrice,Fabrice55,m
Filipe,Filipe70,m
Céleste,Celeste62,f
Zélie,Zelie72,f
Mélina,Melina87,f
Maram,Maram95,f
Aimée,Aimee97,f
Luz,Luz2,f
Maëly,Maely9,f
Jayan,Jayan56,m
Abdullah,Abdullah95,m
Honoré,Honore10,m
Sidi,Sidi87,m
Abishan,Abishan2,m
Stéphane,Stephane31,m
Nathaël,Nathael55,m
Élias,Elias63,m
Lyham,Lyham44,m
Clément,Clement73,m
Modibo,Modibo49,m
Tilio,LePetitTilio,m
Zohra,Zohra98,f
Chloé,Chloe99,f
Danny,Danny21,m
Danyl,Danyl53,m
Jehanne,Jehanne76,f
Mikaïl,Mikail19,m
Nawfel,Nawfel16,m
Oliver,MasterOliver,m
Geoffroy,Geoffroy51,m
Abdourahmane,Abdourahmane80,m
Albertine,Albertine19,f
Artemis,Artemis51,f
Basil,Basil87,m
Méllina,TarteMellina,f
Kawthar,Kawthar20,f
Henriette,Henriette85,f
Naila,Naila9,f
Jessim,Jessim29,m
Mouad,Mouad67,m
Naor,LeDernierNaor,m
Islam,Islam61,m
Kahil,Kahil92,m
Léo-Paul,Leo-Paul82,m
Lionel,Lionel97,m
Rayhana,Rayhana75,f
Maéva,Maeva66,f
Luisa,Luisa98,f
Moustafa,Moustafa65,m
Aglae,Aglae39,f
Frida,Frida41,f
Hania,Hania23,f
Hassane,Hassane77,m
Isabella,Isabella62,f
Othmane,Othmane31,m
George,George9,m
Salomon,Salomon25,m
Théophane,Theophane70,m
Rodrigo,MasterRodrigo,m
Kyan,Kyan33,m
Zyad,Zyad38,m
Mateusz,Mateusz46,m
Yasser,Yasser81,m
Ziad,Ziad46,m
Bérénice,Berenice8,f
Léonore,Leonore88,f
Gaia,Gaia30,f
Grâce,Grace88,f
Maïna,Maina33,f
Romaïssa,Romaissa88,f
Léandro,Leandro68,m
Saif,Saif75,m
Fady,Fady5,m
Federico,SuperFederico,m
Junior,Junior95,m
Mara,Mara55,f
Mariem,Mariem30,f
Martha,Martha33,f
Safya,Safya26,f
Aleksandra,Aleksandra92,f
Alisha,Alisha46,f
Arman,Arman60,m
Melusine,Melusine96,f
Assya,Assya11,f
Béryl,Beryl64,f
Madeline,Madeline44,f
Daniella,Daniella13,f
Eléanore,Eleanore27,f
Sérine,Serine62,f
Élisa,Elisa86,f
Énora,Enora38,f
Héléna,Helena18,f
Djena,Djena68,f
Éléa,Elea43,f
Alizée,Alizee11,f
Milica,Milica30,f
Sydney,Sydney11,f
Leyla,LePetitLeyla,f
Olive,Olive38,f
Cassie,Cassie61,f
Farouk,Farouk29,m
Clélia,Clelia12,f
Mélodie,Melodie83,f
Namizata,Namizata11,f
Alaa,TarteAlaa,f
Béatrice,Beatrice14,f
Maimouna,Maimouna8,f
Balkis,Balkis84,f
Johana,Johana51,f
Léah,Leah28,f
Noemi,BadassNoemi,f
Erik,Erik12,m
Anabelle,Anabelle94,f
Arij,Arij81,f
Armelle,Armelle80,f
Alysson,Alysson19,f
Dora,Dora18,f
Florentin,Florentin58,m
Aviel,LeVraiAviel,m
Joëlle,Joelle22,f
Mustapha,Mustapha90,m
Nala,Nala57,f
Sven,Sven75,m
Yoel,Yoel13,m
India,India46,f
Mamou,LeDernierMamou,f
Hélèna,Helena90,f
Cosima,Cosima85,f
Ritaj,CarotteRitaj,f
Lalie,Lalie63,f
Maayane,Maayane21,f
Massinissa,Massinissa32,m
Nawal,Nawal35,f
Nene,Nene4,f
Inza,CarotteInza,m
Issiaka,Issiaka36,m
Jacqueline,Jacqueline21,f
Albin,Albin46,m
Camilo,Camilo91,m
Azad,Azad92,m
Éden,Eden6,m
Pietro,Pietro68,m
Babacar,Babacar75,m
Haris,DarkHaris,m
Maxens,Maxens37,m
Ida,Ida53,f
Déborah,Deborah28,f
Carine,Carine25,f
Robert,Robert35,m
Louis-Marie,Louis-Marie64,f
Mattheo,Mattheo6,m
Lorena,LeDernierLorena,f
Alhassane,CarotteAlhassane,m
Chmouel,Chmouel76,m
Kendrick,Kendrick20,m
Barthélemy,Barthelemy89,m
Eneko,Eneko85,m
Fahd,Fahd99,m
Khalifa,Khalifa47,m
Lalya,Lalya73,f
Hermance,Hermance23,f
Layane,Layane31,f
Safiatou,Safiatou42,f
Eliora,Eliora40,f
Firdaws,Firdaws38,f
Élisabeth,Elisabeth56,f
Philippa,Philippa5,f
Kadidja,Kadidja1,f
Emmanuella,Emmanuella10,f
Rokya,Rokya2,f
Kimia,Kimia27,f
Tiguida,Tiguida53,f
Vivien,Vivien65,m
Inés,Ines2,f
Maÿlis,Maylis62,f
Oona,Oona49,f
Racha,LePetitRacha,f
Gina,Gina45,f
Mélisande,Melisande46,f
Eileen,Eileen19,f
Marjorie,Marjorie41,f
Appoline,Appoline39,f
Chaï,Chai16,m
Leya,Leya32,f
Sohane,Sohane8,f
Chaden,Chaden70,f
Danaé,Danae15,f
Émie,Emie31,f
Kheira,Kheira53,f
Noélia,Noelia82,f
Prosper,TarteProsper,m
Shirine,Shirine60,f
Viktoria,Viktoria88,f
Marwen,Marwen29,f
Meïr,Meir61,m
Aldo,Aldo70,m
Gregory,Gregory18,m
Helèna,Helena75,f
Latifa,Latifa27,f
Paul-Antoine,Paul-Antoine99,m
Timothy,Timothy48,m
Soulayman,LeDernierSoulayman,m
Gael,Gael16,m
Jun,Jun77,m
Massil,Massil62,m
Isaïah,Isaiah89,m
Adnane,Adnane73,m
Petronille,Petronille27,f
Shayma,Shayma81,f
Mouhammad,Mouhammad81,m
Salman,LePetitSalman,m
Tyler,Tyler66,m
Yacoub,Yacoub46,m
Zaynab,Zaynab84,f
Calista,Calista2,f
Meir,Meir22,m
Imany,Imany53,f
Nahyl,Nahyl61,m
Salif,Salif41,m
Meyron,Meyron55,m
Théotime,Theotime89,m
Mayssane,Mayssane50,f
Qassim,Qassim96,m
Elyan,Elyan15,m
Tayron,Tayron23,m
Bosco,Bosco26,m
Haï,Hai21,m
Néo,Neo70,m
Abby,Abby64,f
Elyana,Elyana52,f
Geneviève,GentilGenevieve,f
Laya,TarteLaya,f
Maude,Maude77,f
Esmée,CarotteEsmee,f
Greta,Greta5,f
Rafaela,Rafaela83,f
Soukaïna,Soukaina79,f
Vivienne,Vivienne37,f
Yakine,Yakine68,f
Cécilia,Cecilia59,f
Telma,Telma91,f
Aysha,Aysha1,f
Daphnée,MaitreDaphnee,f
Dieynaba,Dieynaba71,f
Jodie,BadassJodie,f
Maja,DarkMaja,f
Sélène,Selene81,f
Valère,Valere78,m
Valérian,Valerian94,m
Younouss,Younouss6,m
Yusuf,LeDernierYusuf,m
Nana,Nana98,f
Angélina,Angel43,f
Anaya,Anaya52,f
Djenna,Djenna77,f
Mado,Mado94,f
Romie,Romie42,f